,topic,usage situation,type of business,review date,overall rating,review,number of accounts used,effects after introducing the service,rate ease of use,rate helpfulness,rate customizability,rate functional satisfaction,rate service stability
0,カスタマーサポートで大活躍,using,Consulting Service,2022-07-28,4,"顧客ごとで以前のやり取りの履歴が管理できたり、進行状況なども一括管理することができる。
複数人での管理が行えるため、LTVが圧倒的に上がる。
担当が変わった際も引き継ぎの際にかかるコストが削減できた。",>201-300,以前は営業管理や人事管理が曖昧で生産性が下がっていたが、サービス導入によりシステムで一元管理できる為、以前より効率よく営業活動を行えるようになった。,4.0,4.0,4.0,4.0,4.0
1,顧客管理を一つのアプリで共有できます。,using,IT related Service,2022-07-28,5,社内の顧客情報をSalesforceにまとめて管理することで部署を超えた業務のコラボレーションが可能になります。営業スタッフは社外からスマホで相手先や顧客情報をチェックすることができるので商談の準備に使えます。,>51-100,営業活動のデータにはそれぞれの顧客との会話、反応や特徴を書き込むことができ、蓄積されるにつれて顧客ごとの詳細な分析データになります。,4.0,4.0,5.0,5.0,4.0
2,導入時のコンサルに時間をかけないと使い勝手が悪くなる,using,Food and Leisure Service,2022-07-22,3,"導入時のコンサルが成功のカギ。時間をかけないで曖昧な部分を残すと、使い勝手の悪いものになる。使いこなすのがとても難しい。
また、会社が展開しているサービスによって合う・合わないもありそう。
人材サービスを展開しているが、正直いってセールスフォースにはあまり合っておらず、人材サービス専用のものを使ったほうが良かったのではないかというのが社内の評価。",>51-100,事業部ごとにバラバラに管理していたデータを集約できたのはとても良かった。事業部ごとのそれぞれの様式で情報を取得していたのを導入を機に統一できたので、データベースとしての価値はあがったと思う。,2.0,3.0,2.0,2.0,5.0
3,顧客管理が簡単に,using,IT related Service,2022-07-20,4,このサービスは顧客の情報を細かく管理することができ、それを簡単に閲覧できるので、営業の質のアップが期待できます。また、レポートなどによって、営業の質を上げることもできます。,>1,"顧客管理を紙で行っていたのですが、クラウドで行えるようになったので、データ消失の心配がなくなり、データ管理の課題を解決することができました。
さらに細かな顧客管理で営業の質を上げることができるようになりメリットを感じました。",2.0,4.0,3.0,4.0,3.0
4,部門間の連をがより強固にすることが可能,using,Manufacturer/manufacturing system,2022-07-19,5,Salesforce Sales Cloudはとても見やすいUIを有しているので、プロジェクトの進歩状況を一瞬で把握することができるので、営業の進歩状況管理ツールとしては必須のものだと思います。,2-10,Salesforce Sales Cloudを使うことによって、各営業担当に進歩状況を都度メールを送って確認する必要が無くなり、自分の確認したい時にWeb上で案件の詳細を把握することができるようになった点で、大きなメリットを感じています。,4.0,5.0,3.0,4.0,3.0
5,顧客情報をデータで管理できるようになった,using,Real Estate/Construction/Equipment,2022-07-18,4,紙媒体で管理していた顧客情報をデータで管理できるようになったことで、セキュリティを向上させることができた。また、テレワークが増えた状況でもセキュリティが確保された上でデータにアクセスできる。,501-1000,顧客の個人情報は厳重に管理しないといけないが、これまでは紙媒体での契約書や写真付き名簿を社内の鍵付きキャビネットで保管していたので、セールスフォースを導入したこときよりセキュリティが向上した。,4.0,5.0,5.0,4.0,4.0
6,社内情報共有の重要性,currently not using,IT related Service,2022-07-17,4,SalesForceを軸としてシステム連携、データ連携を構築する場合、インターフェースとしてのSalesForceの対応が非常に良い。ノーコード開発が可能な点が高く評価できる。,>201-300,企画、営業、開発、マーケティング、受発注の各部門が個別に最適化されておいたため、案件の開始から受注までが一本のパイプラインにならず情報の分断が発せ始いていたが、導入により全部門のデータが一元管理できるようになり、意思決定に効果があった。,4.0,5.0,4.0,4.0,4.0
7,顧客管理を可視化、案件管理は便利になった,currently not using,Real Estate/Construction/Equipment,2022-07-14,4,"お客様のデータを一元管理することができるし、案件情報の管理や共有にも便利だと思います。
また、連携できる社外のサービスが非常に多いので、顧客管理だけでなく、他の業務にも簡単になりました。",>101-200,"営業と顧客管理を完全に可視化されているので、問い合わせ対応やビジネス開発の進行状況をダッシュボードで一目でわかる、営業管理をエクセルから脱することができた。
また、販売チーム業務のレポートもすぐに出せますので、業務効率化を実現した。",3.0,4.0,5.0,4.0,4.0
8,ひとつの画面で色々な機能が使えます,using,IT related Service,2022-07-14,4,以前使用したものよりも、一つのサービスで色々な機能があるのでとても便利だと感じました。ただたまに画面がエラーが出てしまう事があります。エラー以外は問題なくシンプルなデザインで使いやすいです。,501-1000,複数のサービスを利用して使い分けていた為、とても覚えるのが大変でページを閉じたり開いたりしていましたが、こちら導入後はこちらひとつで完結するので、間違えて閉じてしまって開き直したりの手間も減り、業務の時間短縮になりました。,5.0,4.0,3.0,4.0,4.0
9,ちょっと古臭いが必需品,using,Manufacturer/manufacturing system,2022-07-13,3,UIは古く、使いにくいと思う点が非常に多いが、やはりこれのおかげでデータ管理が非常に進んだ側面もある。これを基幹ツールとしてしまったことにより、移行は容易ではないため、困っている側面もある。,>51-100,顧客の情報が一元管理できるようになった。案件管理もでき、集計や分析が非常にはかどる。一方で使いこなすのに非常に手間と時間もかかる。,2.0,3.0,2.0,4.0,4.0
10,レポート作成でターゲット抽出がサクサク,using,Finance/Insurance,2022-07-13,5,何十万人の登録ユーザーを無料版で管理しておりますが、ターゲットを絞り出したい時にレポートをカスタマイズしてサクサク抽出ができるところが1番気に入っております。無料版でも充分満足できゆサービスです。,2-10,もともとエクセルなどでアナログなどで管理しておりましたのでチームのみんなが慣れるまでに時間がかかった点、説明書などのデータがあるといいな思いました。またレポートをエクセルに落とす際、全員ができるわけではなく権限が必要なためすこし不便と感じました。ですが今はもうこれがないと顧客管理できない体制までなりました。,5.0,5.0,5.0,5.0,4.0
11,架電やリスト管理をするには最適,using,Mass Media/Advertising/Design/Game/Entertainment,2022-07-12,4,"架電管理やリストの管理をするにはすごくいいサービスだと思います。
弊社は従業員も数名で一番安いプランを使っているから金額的にも満足です。
ただレポートやダッシュボードは操作しづらい部分があります。
また急にメンテナンスに入ることがあり、業務に支障をきたします。",2-10,従業員が１日にどれだけ架電しているか等のデータが取れるので、従業員が一日にどれだけ仕事しているかをデータで見れるようになりました。,5.0,5.0,4.0,5.0,2.0
12,使いこなせば非常に便利,using,IT related Service,2022-07-08,4,正直そのままの標準機能だけではメリットは出ません。しかし、会社の運用に合わせるように設定（カスタマイズ）すれば、非常に便利になります。なので、ある程度のITスキル（システム開発経験）があった方が良いです。ない方は、サポートが必要と思います。,301-500,"先ず、当社は商談管理が不十分でした。事業形態的に大きな商談から小規模商談。短期商談や長期商談などさまざまです。支店も複数ありますので、その商談状況を把握するの大変なことでした。そこで、Salesforceの利用を検討し導入しました。
しかし、そのままの機能では十分ではありませんでした。当社独自の運用があることが原因です。しかし、その独自性を犠牲にはできません。よって、当社用にカスタマイズを実施しました。当社にはITスキルを持っていいる人材がいましたので、カスタマイズすることが可能でした。カスタマイズは簡単です。項目を増やしたり、画面を変更したり、レポートを定義する程度なので、システム開発の経験がある方であれば簡単です。しかし、その経験がない場合は少々厳しいと思います。",4.0,4.0,5.0,4.0,5.0
13,顧客管理により商談をフェーズで見えるか、営業が変わります,using,Consulting Service,2022-07-06,5,顧客管理により商談をフェーズごとに見える化、クロージングや掘り起こしなど営業チームの取るべき行動が明確になります。また、フェーズ管理により、売り上げの着地見込みが立てやすくなります。,2-10,営業スタッフ個々人の感覚や経験に頼った営業活動ではなく、チームとして動き、成功や失敗を共有、配置換えがあったときの引き継ぎなどが容易になり、なによりナレッジが蓄積していきます。ダッシュボードの売上管理なども見やすいです。,4.0,5.0,4.0,4.0,4.0
14,営業活動上、必須システム,using,IT related Service,2022-07-04,4,営業管理する上で必要となる機能が一通り揃っている。また、転職して自社に入ってきたメンバーも、前職で使っていたことが多く、営業の基本になりつつある。一方で、コストは高い。,>51-100,営業状況の可視化ができたことが最大の効果だと感じている。大まかなデータから、個人ごとの活動内容までドリルダウンして確認していくことができるのも良い。,4.0,5.0,4.0,5.0,5.0
15,カスタマーサポートに必須のサービス,using,Transportation/Traffic/Logistics/Warehouse system,2022-07-03,5,"これを導入する前までは表計算アプリ等に自分で作ったテンプレートで顧客とのやりとりを記録していたが、
これを導入してから複数人での管理がしやすくなったし、担当が変わっても過去のやり取りが遡りやすいのでLTVが上がる",2-10,"顧客ごとにこれまでのやり取りの履歴が管理でき、顧客情報、進行状況などを一元に管理することができる。
担当が変わった時も引き継ぎの際にかかるコストが削減できた。",5.0,5.0,5.0,4.0,4.0
16,顧客管理（CRM)をマルチチャネルで導入するなら,using,IT related Service,2022-07-02,5,"私は現在は個人事業主として仕事をしておりますが、現在のクライアントから過去に勤務していた介護施設の運営会社でも
ユーザー一人一人の管理をしておりました。またCMSとしての機能も要しており、当時所属した会社のCMSとCRMの機能にもいかせておりました。CRM、CMS、顧客へのマルチチャネルが５段階中５である理由です。",301-500,"私は現在のメインクライアントも含めてsales cloudを３社利用しております。１社目と２社目に関しては私が導入を推進したこともあり、Salesforceのルーセントタワーにある名古屋支社まで説明を受けに行ったことがあります！その際は介護施設運営会社の導入の説明を受けに行きました。当時の目的としてはFAQを外部と内部に使うCMS機能、そしてユーザー、今後のユーザーへの問い合わせややり取り、やり取りの管理も可能なCRMをSaaSで可能。それも今まではCRMはZohoCRM、CMSは
フリーで使えるソフトを導入しており情報のやりとりが旧態依然のペーパーのやり取りの勤務情報だったものをCRMとCMSを
統一させて、今後のニーズも組み立てれるようなSaaSを導入してくれました。CMSでの問い合わせをCRMのマルチチャネルでコール、メール、チャットとマルチチャネルで返信することが可能。その情報を社内や介護施設ごとにやり取りできるSaaS というインフラで「情報をわざわざ探すのかよ」という面倒な時間。アイドリングタイムがなくなったので余計なストレスを
消すメリットができました。",5.0,5.0,5.0,5.0,5.0
17,営業には欠かせないツール,using,Manufacturer/manufacturing system,2022-06-15,5,顧客情報を複数の切り口でまとめることができ、管理者、利用者共にストレスなく利用できる。他のデータベースとの連携も問題なく、弊社顧客データベースの核となっている。,>1000,"同じ切り口で収集した膨大な顧客データをもとに、類似した顧客の提案や関係性の強い顧客の提案などを行う自社の計算エンジンを構築している。
様々な顧客を同じ切り口で管理できる点がやはり何も言っても利点。",5.0,5.0,5.0,4.0,5.0
18,SFAとしての機能性は網羅されてる,using,IT related Service,2022-06-11,4,"営業活動の効率化、データの蓄積と分析ができる点。
全社導入しているため、部門間での顧客情報の共有ができる。
出来ることの自由度が高い分、運用まで乗せるのに手間がかなりかかる。",301-500,"顧客情報の蓄積や、アプローチリストの状況把握や
リードナーチャリングができる点は非常に利便性があります。",3.0,4.0,5.0,4.0,5.0
19,営業の見える化が実現できること、勝ちパターンの確立ができます,currently not using,Real Estate/Construction/Equipment,2022-06-01,3,いままではそれぞれの営業が各々取り組んできてきていたいわゆる「営業」と言うものが、このサービスの導入により、可視化できることにより再現性の確立ができました。またそれにより勝ちパターンも分かりました。,>11-30,いままで誰がどのように営業を行い、どこがポイントなのか不明確でしたが、それがこのサービスで判明し、重点を置くポイントが分かりました。,3.0,3.0,3.0,3.0,3.0
20,タスクの管理が容易に、また分かりやすく出来ること,using,Retail/distribution/trading companies,2022-05-30,3,まだ使用を開始して期間が短いため、分からない部分もあり採点が難しいです。入力については分かりやすく、使用者からの不満も聞かれません。期日の管理ももれなくできて良いと感じています。,>31-50,人事制度管理を主目的に導入を進めました。これまで紙での管理でしたが、電子化により見やすく、記入が簡素化されました。また、期日管理もしっかりできるのがメリットです。,3.0,3.0,3.0,4.0,3.0
21,営業活動の必須ツール,using,IT related Service,2022-05-29,5,"どこからでもアクセス可能な点で、外出先からでも営業活動の状況を確認できるため、商談前など大変便利に使えるため。
営業担当ごとのアプローチ状況なども確認できるので、効率よく営業活動が行えます。",>31-50,"営業活動の日報を以前メールで行なっていたが、システムで一元管理が出来るので、確認が容易となり、効率的な営業活動を行えるようになりました。
また、予実管理や進捗状況の可視化も出来るので、営業活動においての必須ツールだと思います。",5.0,4.0,4.0,5.0,4.0
22,営業情報共有ツールの定番,using,IT related Service,2020-09-10,4,社員が多い当社においては得意先アプローチ情報の共有が容易ではなく、このような情報共有ツールは必要不可欠となる。Salesforceはこの分野において歴史が古く、安定しており洗練されているため使いやすい。,>1000,10000人近く所属している社員同士の情報共有が容易にできる。アプローチしたい得意先に関する情報が検索でき、担当部署と事前にすり合わせができるメリットは大きい。,3.0,3.0,4.0,4.0,4.0
23,案件管理が細かくできます,using,IT related Service,2022-05-26,4,契約予定日や、確度も記入できるため、時期ごとに何をやるべきかを可視化することができます。案件が複数あり、一つ一つ覚えていられない営業にとっては、クラウド上で管理して記憶する必要がなくなります。,2-10,Chatterという日報のような機能により、直属の上長だけでなく、課のメンバーや他の課のメンバーも案件を確認できるため、参考になります。また、コメント等の機能により意見交換もできるのが良い点です。,4.0,4.0,4.0,4.0,4.0
26,使いやすいものではある,currently not using,Finance/Insurance,2022-05-19,3,前職の職場で利用されており、会社全体で共有するものなので、セキュリティはしっかりしていると思う。いろんな支店の作業なども見れたため、共有という観点では素晴らしいと思う。,>1000,会社のセキュリティ改善と上司の管理体制強化のために導入していました。これまではヒアリング、紙ベースのものをデータとして残すことで統計なども取れて効率化を図れていたと思う。,3.0,5.0,5.0,5.0,5.0
27,顧客情報を一元管理、コールセンター業務にも対応,using,Mass Media/Advertising/Design/Game/Entertainment,2022-05-15,4,顧客情報を組織全体で管理できることで従来顧客情報の共有のために行っていた伝達作業を大幅に減らすことができ、より効果的で生産性を高めた営業活動を行うことができます。各部門の連携がとりやすくなるとともに目標に向けて一体感も生まれました。,>101-200,コールセンター業務をMiitelと連携して行っていますが、Salesforce側がMiitelとの連携を取りやすくするアプリを提供してくれているので使いやすいです。Salesforce上にてMiitelで録音された会話の再生や応対評価の確認が可能で画面遷移の回数が減ります。,4.0,4.0,5.0,4.0,5.0
28,CRMとして営業マンには最適,using,Food and Leisure Service,2022-05-11,4,"自分やチームを含めて営業の状況を一瞬で可視化できる点
一つの画面上で対象企業に対するこれまでのすべてを確認することができる点
オンラインストレージや電子契約など他社サービスとの連携がシームレスである点",>1,"様々な場所で管理していた情報を一元管理できるようになった点
→エクセルにて顧客情報、進捗管理・オンラインストレージにてファイルの管理・電子契約サービスによって契約書の管理のようにいろいろな場所に散っていた情報を一元管理することが可能になることで抜け漏れやミスが格段に減らすことができた。",3.0,4.0,5.0,3.0,3.0
29,カスタマイズ性も高い,using,Consulting Service,2022-05-09,4,"個別にイベント参加者、直近のCV内容などに基づいて、フラグなども作成することが出来るので、個別最適なAPを行うことが出来る。
カスタマイズ性も一定高いのではないかと思います。",>11-30,"リード管理が一元化でき、他部署と案件の共有を行う際の工数が削減できた。
また、アタックすべきリードの可視化を行うことが出来、先方からのコンバージョンがあった際に、もれなくISから対応を行うことが出来るようになった。",3.0,5.0,4.0,4.0,4.0
30,商談、案件情報、顧客管理など見やすくビジュアライズ,using,IT related Service,2022-05-08,4,チーム毎や部門毎、個人の売り上げをそれぞれ分割してチェック、そして営業のプロセス、商談情報、顧客情報などを収集、蓄積することで営業の成功と失敗の原因が見えてきて、以降の営業や商談に活かすことができます。ワークフローや権限管理など会社のスタイル合わせて柔軟に設定できるのもグッドです。,>31-50,それまで属人性の高かった顧客情報、案件情報などチームの全員が見ることができるようになったので顧客や案件の引き継ぎが非常に楽になり情報の共有によってチーム内の透明性も向上できました。,4.0,5.0,4.0,4.0,5.0
31,顧客管理とマーケティングの一体化,using,Food and Leisure Service,2022-05-06,4,お客様への連絡、顧客管理、マーケティングが一つのサービスで行うことができたため非常に効率化することができたのと、顧客管理のクオリティーが上がり営業件数が全体で伸びました。,301-500,今まではお客様に連絡をして個々で管理をしていたのですが、このシステムを導入することによりお客様への連絡、顧客管理、マーケティングに必要な数値分析が可能となりました。,3.0,5.0,5.0,4.0,4.0
32,営業進捗を他のメンバーと共有可能,currently not using,Consulting Service,2022-05-02,5,今までスプレッドシートで管理していた営業進捗管理をツール上で行うことにより、決められたフレーム内での作業となり入力効率がアップした。また、データの上書きなど操作ミスも発生せず効率UP,>51-100,他のメンバーが休みの日など代わりに対応をすることも可能。また退職時なども履歴を残すことで引き継ぎが簡素化された。,5.0,5.0,5.0,5.0,5.0
33,カスタマイズが自由自在に可能,using,IT related Service,2022-04-30,4,自分自身が管理したいことや分析したいデータをありとあらゆるKPIの観点より見ることが出来るのでその点は極めて優秀だと感じました。また年3回バージョンアップされ新しい機能がすぐに追加される。,>1,これまで個人でしか管理していなかったデータがシステム導入に伴いチーム内の広い範囲で情報の教諭が可能になり担当が休んでも出勤している職員が対応できるようになりとても助かっています。,4.0,5.0,4.0,4.0,5.0
34,データの管理・収集がしやすい,using,IT related Service,2022-04-29,4,ページ内の項目や機能のカスタマイズがしやすいため、データの管理がしやすい。また、見栄えもよい。データをエクセルの一覧で出力することもできる。一方でサポートが手厚いとは言えない。,>51-100,売上情報だけでなく、顧客情報管理の一元化に一役買っているように感じている。ユーザーが機能のカスタマイズできる裁量が大きく、やりたいことを実現しやすい。業務効率化につながっている。,4.0,5.0,5.0,5.0,3.0
35,高機能だがコストが高め,currently not using,IT related Service,2022-04-26,3,"営業活動履歴や顧客情報などの各種情報を一元管理することが出来とても便利でした。
チーム内のデータを集約して定業進捗の可視化や取引相手の傾向分析など非常に多くのデータの分析が出来集計データをグラフ化にもできる点はとても優秀でした。",>1,以前はグーグルスプレッドシートを使用し個人で管理していたデータをシステム導入によりデータを蓄積させチームで活用できるようになりました。特にレポート機能を活用し売り上げの実績や予想をすぐに色々なセグメントで分析出来より正確な営業戦略を立てることが出来とても便利でした。,4.0,4.0,5.0,4.0,4.0
36,会社ごとにカスタマイズでき、希望のレポートがすぐに出せる,using,IT related Service,2022-04-25,5,"あらゆる組織で当システムを利用してきましたが、利用用途が最適化されている気がします。
おそらくシステム導入する際に、Salesforce様が良い提案をしてくださったのだとろうと想像しています。",>1000,"レポートなどをエクセルで管理していた時は、毎日紙とペンを持って「今誰に連絡をした」「次はいつ連絡をする」「本日は何人に連絡した」などを書き、終業後にエクセルに転記していた。
Salesforceを導入することによって、数クリックでその作業が完結し、さらにリアルタイムで他の人に共有できるようになりました。
マネジメント側としても最適なシステムだと思います。",5.0,5.0,5.0,5.0,5.0
37,ナレッジの共有や担当営業の引継ぎについて,using,Manufacturer/manufacturing system,2022-04-25,2,"現場にはある程度の理解力と操作性などが多く求められることが多く、構築に大変苦労している。
今現時点でも再構築をしている状況で自社内だけでの実装は厳しい。
今後はパートナー契約を結ぶ予定となっており、費用がかかるシステムである。",>101-200,営業内部で担当の入れ替えが多く、その都度引継ぎが困難なことが明らかになっていた。また、若手社員の育成にもこのツールを用いて図っていきたいと狙いもある。,2.0,2.0,4.0,3.0,3.0
38,【営業を科学するという文脈では必要不可欠ツール】,using,IT related Service,2022-04-25,3,"Pardotとの連携も容易であり、リードの取り入れもしやすいため。
料金が高額であるという点がネックではありすべての企業にとって運用しやすいか？は正直微妙であるが、セールスを化学するというSFの理念に共鳴できる会社であれば間違いなくお勧めできる。",301-500,一番、商談のフェーズ管理のしやすさと可視化であると思う。お客様の状況残すことでその状況が引き継ぎの際にも活用されるなどなくてはならない存在になっている。,5.0,5.0,5.0,5.0,5.0
39,リアルタイムに分析可視化できるツール,using,IT related Service,2022-04-24,4,事前の設定や社内ルールを統一しなければ、綺麗なデータ統制がとれませんが、データの可視化はしやすいツールです。また、細かい粒度で好きな形に且つリアルタイムに把握できるので機能は非常に優れています。,>51-100,誰がどういった動きをしているか、簡単に可視化が出来るため、分析しやすいです。良いところを伸ばすために必要なツールだと思います。,3.0,5.0,5.0,5.0,5.0
40,日本語バージョンが欲しかった,currently not using,Manufacturer/manufacturing system,2022-04-22,4,顧客苦情処理進捗度を含めた顧客情報のすべてを、海外従業員を含むユーザー全員が閲覧できるので便利でした。それ以前はＳＡＰを使用していましたが、全員にSAPの使用権限があるわけではないので、結局Eメールも併せてやりとりを行わなくてはならなかったので、連絡業務が簡素化できました。,>101-200,外資系メーカーのカスタマーサービス部門にて苦情処理をメインの仕事にしていたのですが、本国とのやりとりが簡単にでき、顧客ランク、顧客情報、売上履歴、営業担当者氏名等、他の資料をあたる必要もなく把握できるため、一元管理に優れていると感じました。,3.0,4.0,4.0,4.0,4.0
41,営業支援と顧客管理を組み合わせた最強ツール！,using,IT related Service,2022-04-21,4,"顧客情報を商談の進捗状況と紐付けて包括的に管理ができるツールです。
セールス情報自体はクラウドに保存されるので、チーム内で閲覧・共有ができたり、商談の進捗状況を登録・編集できる。",>31-50,セールス情報と商談の進捗情報を包括的に共有が可能なので、所属部署やプロジェクトチーム全体で情報共有し、連携を強化した状態で、新たな商談に臨む事ができる為、セールスに対するモチベーションアップにも繋がる。,4.0,5.0,4.0,4.0,4.0
42,営業の仕事の管理を一つにまとめられる,currently not using,Manufacturer/manufacturing system,2022-04-20,4,顧客管理、日報、契約書管理、KPIなどをひとつにまとめて管理できるのがよかったが、その分入力項目が多くルールも煩雑で、覚えるのにとても苦労した。間違えると訂正するのも大変だった。,501-1000,業務管理に複数のツールを利用しており、連携が複雑になっていた。Salesforceを導入してひとつで管理が可能になり、営業の進捗管理やレポート出力の時間が非常に短くなった。,4.0,5.0,5.0,5.0,4.0
43,取引先ごとの案件、連絡先や進捗管理、すべてこれでできます。,using,IT related Service,2022-04-20,5,顧客管理のプロセスに必要な機能がほぼ揃っていて、カスタマーサクセス、顧客のリードや取引先との商談などを可視化することができ、補う点や重視する点が分かることで営業効率が上がりました。,>101-200,資料制作に充てる時間を削減できたほか、退職や長期休暇の引き継ぎの際に顧客情報の共有を素早く的確に行うことができます。,5.0,4.0,4.0,4.0,4.0
44,リモートワーク時の生産性管理にも,using,Food and Leisure Service,2022-04-20,5,遠隔地でも営業部隊の活動が数値化できる。営業成績の維持・向上だけでなく、社員の生産性管理にも活用できて重宝している。営業スタッフが顧客と交わした商談、顧客へのアプローチ資料など、目に見えない営業活動をドキュメント化して残せる。,>31-50,営業資料や案件に関する情報を周囲と共有でき、説明の時間が短縮されました。別途資料を準備しなくても、新人や人事異動してきた社員は元々のデータから自分で営業の技術を習得できました。,5.0,5.0,3.0,5.0,5.0
45,営業活動の効率化につながりました,currently not using,Retail/distribution/trading companies,2022-04-20,4,営業ノウハウの共有を行うことができたことで、営業活動の効率化や成果をあげやすくなった。チームごとに連携をとることができる。顧客情報を一元管理することができ、非常に便利。,2-10,チームで集まってきた知見をまとめて、営業活動につなげることに課題を感じていました。サービスを使うことで、営業でのノウハウの共有につながったほか、顧客情報も一元管理をすることができるようになったため、営業活動の効率化にもつながりました。,4.0,4.0,4.0,4.0,4.0
46,販売に関するさまざまな情報を見える化できます。,using,IT related Service,2022-04-17,4,導入までは分散されていた顧客情報の一元化を進めることができ、販売情報の分析、集約に役立っています。また案件毎に進捗管理が行え、他メンバーと共有できることで助け合い精神も生まれやすいです。,>51-100,複数の取引先と同時に連絡をとっていると時折名前や内容など混乱することがありましたが、情報一元化による見やすさ、また検索精度の高さから凡ミスが減りました。,4.0,5.0,4.0,4.0,5.0
47,顧客情報の一括管理ができるようになった,currently not using,IT related Service,2022-04-12,4,"これまで顧客管理についてエクセルなどで管理を行っておりましたが、今後の顧客増加を想定し導入を行いました。
一括で管理ができるうえ、営業の際に顧客情報をもとに営業活動を行うことができるようになったため。",>11-30,複数部署でのプロジェクトの際に個々で集めた顧客管理についてどのように行うかが課題であった。サービス導入後は部署関係なく顧客データの閲覧を行うことができるようになった。,4.0,4.0,4.0,4.0,4.0
48,なんでもできるSFA,currently not using,IT related Service,2022-04-11,4,カスタマイズによる拡張性が非常に強力です。基本的には自社の業務フローは変えずに、システムのほうをカスタマイズして、自社の業務に合わせていく事が可能です。ここまでカスタマイズできるSFAはほかにないと思います。,>11-30,システム開発者としてSalesforce Sales Cloudのカスタマイズの担当をしていました。大体、用意されている部品でカスタマーのニーズを満たすことができますので、非常にカスタマイズ性が高いと思います。,4.0,5.0,5.0,4.0,4.0
49,人材紹介という特殊なモデルでも対応ができた,currently not using,Food and Leisure Service,2022-04-09,4,人材紹介事業におけるSFA・CRMとして利用。人材紹介は商材・顧客に加えて、案件情報の紐付けも必要なため、一般的なSFAだと対応ができなかったが、カスタマイズを行うことで正確な進捗かんりが可能となった。また、社内独自のスコア管理機能なども全て搭載することができ、非常に満足でした。,>31-50,過去スプレッドシートで管理を行なっていましたが、従業員数が増えたことによるシートのセル上限問題や、重くて動かないなどのデメリットがありました。サービス導入後は動かない・従業員のデータ管理ができないといったことがなくなりました。,4.0,5.0,5.0,5.0,5.0
50,salesforce利用について,using,IT related Service,2022-04-04,4,"リードへの属性情報の数はカスタマイズを含めると多岐にわたり、多くの情報を紐づけれることができる。また、セールス活動や案件のアプローチをパイプライン管理することが可能なため、営業担当者1人に情報が属人化することがなくなる。
しかし、営業担当者が情報を記入することが前提のため、利用者側へ記入するメリットをいかに伝えられるかがこのサービスうを利用する肝となる。",301-500,"・営業担当者への情報の属人化排除
・案件成約の精度向上
・自社保有企業の分析
・リード管理の強化
・情報共有の強化",5.0,5.0,5.0,5.0,5.0
52,顧客管理、活動履歴を簡単に把握できる,using,IT related Service,2022-04-03,3,顧客データへのアクセスからデータの管理など、メンバー間での情報共有に役立っています。担当引き継ぎの際も、salesforceを見ればおおよそ把握することができ、一元管理にも役立っている印象です。,>51-100,"顧客管理には各営業がExcelを使ったり、情報の分断が起きていた。
導入後はクラウドツールなので、いつどこでも情報共有が出来るようになり、データの一元管理が出来るようになった。",3.0,3.0,3.0,3.0,3.0
53,マネジメンターにとって効率的な管理ツールであること,using,IT related Service,2022-03-29,5,SFA、CRMとして十分に優れている製品です。営業時には商談管理やパイプライン管理、カスタマーサクセス/サポートにおいては顧客別の対応状況やフェーズ管理など、柔軟に管理したいことが全て完結できると思います。,>11-30,"自分自身が事業部長をしているのですが、スタートアップ故、事業戦略も頻繁に改善しているため、メンバーの成果指標も柔軟に改善しています。指標改善時にはすぐに自分で、項目を作り、レポートを作り、見たいダッシュボードを作っています。
これにより、チーム内に、登録すべき指標を伝えるだけで即日で、見たい指標を見れるため即時でチームの活動や成果が可視化することができました。
この設定を外部ベンダーや、知識の低い社内別部門に依頼すると、反映まで時間がかかってしまうので、見たい指標がなかなか見れないという課題があるので、自分で設定することでチーム運営がかなり円滑になっています。",4.0,5.0,5.0,5.0,5.0
54,顧客が管理できる,using,Retail/distribution/trading companies,2022-03-23,3,"顧客がの管理は大変しやすいが、使いこなすのが難しい、
理解し、使いこなせるようになれば、営業などの顧客管理で大変大きな武器になると思う。
ただ、月額利用料が高額でアカウントを簡単に増やせなので不便だと感じています。",2-10,"営業マンの同士の行動を把握できるというのもよい点だと思います。
セールスフォースを使って営業の均一化ができています。
また社内でもお互いに管理ができるため
異なるシステムを見に行くことが少なくなり業務の効率化・改善につながっています。",4.0,4.0,4.0,4.0,4.0
55,カスタマイズできすぎて初期支援・詳しい人材が必要,using,Manufacturer/manufacturing system,2022-03-22,4,カスタマイズ機能に優れておりsalesforce製品に詳しい人材や経験のある人材がいない場合は初期設定などに工数がかかるため初期支援導入を使用したほうが効率的である。,2-10,商談管理についてExcelで手管理、管理についてルールもなかったため情報共有が難しかった。まだ道半ばであるもののマーケ部門と営業部門の情報管理がずいぶンスムーズとなった,4.0,4.0,5.0,4.0,3.0
56,詳細な顧客情報をタイムリーに管理し、商談の成立が実現します,using,IT related Service,2022-03-19,5,営業部門との顧客情報の管理とデータ管理を詳細に行い、業務の連携がスムーズに行なえます。結果として各四半期ごとの予算達成と進捗の管理が細かく行え、効率よく生産性の高い営業活動につながっています。,>31-50,業務において、エクセル作業への依存度が高かったが、セールスフォースの導入がエクセル使用頻度が減少に繋がり、より分析業務に時間を充てがうことが可能となってた。,5.0,5.0,5.0,5.0,5.0
57,大企業向けの製品,using,Food and Leisure Service,2022-03-18,4,とても素晴らしい製品ですが、構築に大変時間がかかりますし、素人では無理です。業者を使って構築してもらいましたがリテラシーが低いと要件定義に時間がかかりかつ使いにくいものが出来上がりました。,2-10,営業管理はしやすくなりましたが、導入した後に初心者でも使える製品と出会いました。やはりこれはプロ仕様なんだと思います。,4.0,3.0,5.0,2.0,5.0
58,連携したり、データを入れすぎると、とんでもなく重い,currently not using,IT related Service,2022-03-16,3,結局のところインボイスシステムとは連携できず、アカウント→案件→見積もり→受注までしかできないのですが、この中だけでもMAツールと繋げたりするとめちゃくちゃ重い。,>51-100,これまでは引き継ぎミーティングを案件ごとにしないと引き継ぎができなかったが、案件に紐づくコンタクトや契約が全て観れるので、アカウントマネジメントがしやすくなった、アカウントについて入社前の過去の履歴やメールのやり取りが観れるので、アプローチの戦略も立てやすくなった。,5.0,5.0,3.0,3.0,3.0
59,営業活動の進捗管理が容易,currently not using,IT related Service,2022-03-14,4,情報を徹底的に登録すれば、あらゆるデータを視覚化でき、Salesforceだけで営業会議や日々の活動報告などを完了できます。 Excelでプロジェクトを管理していたときほど問題を感じないからです。,>1,"・営業活動を視覚化することにより、プロジェクトの詳細の共有が最適化されました。
・Salesforceでフェーズ管理とタスク管理ができるようになりました。",4.0,5.0,4.0,4.0,3.0
60,まだ効果は出ていない,using,Mass Media/Advertising/Design/Game/Entertainment,2022-03-11,3,弊社の売上管理との連動がなかなか思ったように進まない。弊社側の問題か、システム側の問題か、何とも言い難いため現状の評価は３。今後改善されれば４。料金が安くなれば５の評価に。,>51-100,顧客管理はできるようになり、営業情報の蓄積もできるようになった。ただ数字管理はベースのシステムと上手く連携はできておらず、今後も改善するとは思えない。顧客管理で良ければＳａｎｓａｎで良かったとの声も多い。,3.0,2.0,5.0,3.0,3.0
61,顧客管理の仕組み化により顧客理解と社内引継ぎをスムーズに,currently not using,Mass Media/Advertising/Design/Game/Entertainment,2022-03-10,4,膨大な顧客情報（取引実績、企業情報、担当者情報等）をシステム一つにまとめることができ、その情報を営業担当や上司、社内のアシスタントまで全員見ることができるため、プロジェクトに関わる人全てが顧客管理がしやすくなった。また、社内異動で前任から後任へ顧客の引継ぎが行われる際にはシステム上の情報伝達漏れが起こりにくくなったのは顧客サイドにもメリットになったと思う。,2-10,顧客情報管理はずっと課題にあり、一時期ファイルで管理するというアナログな方法を起用していた時期もあったが、情報が膨大すぎる、かつ営業マンが日々営業活動で多忙な中、顧客管理を行う時間がなかなかとれず、ファイルにまとめるという手間のかかるタスクになかなか取り組むことができなかった。セールスフォース導入後は、営業先訪問から帰宅したらまずはセールスフォースに当日の商談内容や担当者情報を入力し、名刺を頂いた際にはアシスタントに名刺を渡し、その名刺をアシスタントがシステムに読み込むという作業がルーチン化された。これにより、顧客管理がスムーズに行え、後日商談前の準備の際にもセールスフォースで顧客管理や前回の商談時の話などを振り返りながら行うようになった。メリットは、顧客情報が一つにまとまったことで紙資料をみたり他の社内システム（取引実績）を見たりといったタスクが減り、商談準備がスムーズになったこと。また、社内引継ぎが断然楽になったことである。,4.0,4.0,4.0,4.0,4.0
62,利便性,using,Food and Leisure Service,2022-03-08,5,セールスフォースを導入すれば、顧客の予算、競合他社に関するデータや営業チームが注力している業務など、営業活動における重要事項を誰もが一目で把握できるようになります。そのあたりに課題のある会社にはおすすめです。,2-10,"導入前は各事業部での顧客状況の把握が難しく、どこでどういう風に取り組んでいたのか不透明な状態だったが、
導入後はその管理がしやすくなった。",4.0,4.0,4.0,5.0,5.0
63,一元管理が出来て見やすい,using,IT related Service,2022-03-08,4,"今までは色んなシステムを使って管理していたのが、
Salesforceにより一つでまとめて利用出来るようになり、かなり楽になりました。
クラウドのため、回線が遅いと全く動かなくなるのが唯一困っている点です。",501-1000,Salesforceは色んな事がカスタマイズで出来、クラウドのためリモートを繋がなくても外から情報も見れるため業務効率が上がりました。,4.0,5.0,5.0,5.0,5.0
64,導入しても使いこなせない,currently not using,Manufacturer/manufacturing system,2022-03-07,2,"＜良い点＞
・案件管理ができる
・複雑なレポートの作成は可能（ただし、実際の業務でその必要性はほぼ無い）

＜悪い点＞
・とにかく使うのが難しく、活用できない
・自分は営業部だったがマーケ部は別ツールを利用しており、部門間の連携が断絶される
・FAQページの内容が難しい

ブランディングが上手な会社様なので、今からCRMを入れるならSalesforceを使わないといけないと思いがちだが、全然そんなことはない。",>11-30,"・特定の条件でレポート作成が簡単なので報告がしやすい
・営業の案件管理や行動管理ができる
・基本的な顧客管理ができていた
※Salesforce特有というよりも、通常のSFAとしてのメリット。",1.0,3.0,3.0,1.0,3.0
65,理解さえすれば無限の可能性がある,using,IT related Service,2022-03-01,4,"実際のデータから導き出せる、営業の成功ルートや、失注につながる案件の発見等
数値ベースで根拠をもとに抽出できます。また、顧客情報の蓄積にもつながり
引継ぎ業務が安易になりました。",>31-50,"導入背景：顧客情報の集約
課題解決場面：顧客との打ち合わせ内容等が俗人化せずに、記録として残るようになった。",4.0,5.0,5.0,5.0,5.0
66,顧客管理や商談状況をリアルタイムにチームで共有,using,Finance/Insurance,2022-02-21,5,外資系企業のサービスですが日本語表示も問題なく、ビジュアルを含めて、いつでもどこでも顧客管理や商談状況をリアルタイムにチームで共有出来て、時間とコストを削減することにも繋がる業務効率化も実現出来る。,501-1000,大人数の営業組織としては、既存顧客の情報管理や見込顧客の進捗状況、リスト管理などをどんどんアップデート出来ることは非常にメリットです。,5.0,5.0,3.0,4.0,3.0
67,レポートどダッシュボードの自由度が高いです,using,IT related Service,2022-02-18,4,UIはわかりやすくHOME画面のカスタマイズもできるので自分がよく使う機能を集約できる。そのため各種機能へのアクセシビリティが高いことが評価高いと思っています。営業系なので最もよく使うのはレポートとダッシュボードの生成ですが、サポートページを見ながら進めれば多少高度なレポートを作ることもできるので今では非常に重要なツールになっています。とはいえやはり難易度が高かったり使わない機能も多いので4です。,>201-300,営業数字の視覚化と社内共有を主な目的として導入いたものですが、前述の通りレポートとダッシュボードを必要に応じて作成し共有することで課題は解決出来ていると感じます。毎回のMTG時に参照する資料として重宝しています。,4.0,4.0,4.0,5.0,5.0
68,機能が豊富で使い易い,using,IT related Service,2022-02-15,4,機能が豊富で非常に使い易い。当社では、案件管理や契約管理に活用している。今後リード管理や請求管理につなげていきたい、5でないのは中小企業では高価であるため人員を絞って使っている。,2-10,今までExcelでやっていた案件管理や契約管理をSalesforceに置き換えた。すべてのデータをデータベース化したため、データを共有できまた分析できるようになり、管理作業が減り営業活動がスムースになった。,4.0,4.0,4.0,4.0,5.0
69,レポートやダッシュボード機能で情報が一目でわかる,using,IT related Service,2022-02-02,4,"活動を残した記録をもとに行動量や案件の進捗具合を簡単に測れることが可能で、使い方さえ覚えればデータを楽に抽出もできる
また、各種サービスと連携もしていることから、いちいち他のツールから手作業でデータを入れ込むロスもあまりない

しかし、社内浸透は進んでおらず、使っている人と使えない人がおり
そこに対してのサポートがテックタッチのみで不十分だと感じる",>101-200,"かつてはカレンダーで月ごとの打ち合わせ数を整理していたり、打ち合わせの内容も個々で管理していた中で
このサービスを使用することで無駄な工数が削減できた。",5.0,5.0,5.0,5.0,5.0
70,営業の数字管理・読みの精度があがります,using,IT related Service,2022-01-26,3,言わずと知れた営業支援ツールです。基本的に営業活動全般においてすごい貢献してくれるのですが、SFDCに精通している担当者orサポートが前提で構築してかないと使えないだろうと判断したため3にしました。,>201-300,さまざまな営業チームにてそれぞれの輪で管理していた数字の読み方をSFDCにてルールを統一化することで、全社的に同じ指標ではかることができました。,3.0,5.0,5.0,5.0,5.0
71,自分のパイプがどのようになっているかわかりやすい。,using,IT related Service,2022-01-21,4,すごく使いやすく、他のCRMを使ったことがない自分でも簡単に使えました。一番良かったのが自分が毎日何をしなければならないかを簡単に見せてくれることでした。さらに、データを見ることによってこれからの課題が分かりやすかったです。,>31-50,サービス導入前は、EXCELでパイプを管理していました。他の人とパイプの共有が難しく、頻繁にリードの状態をアップデートするのが苦痛でした。,5.0,4.0,4.0,4.0,5.0
72,残業が大幅に減りました,using,Transportation/Traffic/Logistics/Warehouse system,2022-01-17,5,とても使いやすく、マニュアルを一通り読めばすぐに使えること（早い段階でマニュアルに頼らなくても使えるようになった）。基本機能しか使用していないが、大幅な時短推進ができ、事務処理のためにに週２～３回していた残業がほとんどなくなった,2-10,上に記載した通りですが、特に定例的に行っていた残業が大幅に減ったことは大変ありがたかったです。ユーザーの立場なので自分の部署のことしかわかりませんが、他部署も同様だと思います。,5.0,5.0,5.0,5.0,4.0
73,使いこなせれば最高の武器に,currently not using,IT related Service,2021-12-22,4,"設定は複雑だが、その分カスタマイズできる範囲が多く、様々な利用シーンに耐えることができた。
また担当者を中心に豊富なノウハウを保有されているため、ノウハウを吸収しながら業務プロセスを再構築できたので導入してよかったと感じている。",>31-50,"商談情報の統合管理を目的に導入した。
複数のデータベースで管理されていた商談関連情報を一つにまとめることで分析が可能になり、課題抽出や施策立案のスピードや制度が向上した。",3.0,5.0,5.0,5.0,5.0
74,営業活動の可視化ができ、チーム内の共有が進んだ,using,IT related Service,2021-12-18,4,・詳細に情報登録することを徹底すれば、あらゆるデータが可視化できるようになり、営業会議や日々の活動報告など、すべてがSalesforceだけで完結できる。Excelで案件管理をしていた時とは比べ物にならない。,>11-30,"・営業活動が可視化されたことで案件内容の共有が最適化された
・フェーズ管理やタスク管理などもSalesforceで完結できるようになった",3.0,4.0,4.0,4.0,4.0
75,営業・マーケティングに活用,using,IT related Service,2021-12-10,5,"営業・マーケティングの管理や目標管理などの共有に役立っています。
他部署の動きも一連で確認でき、連携力も向上しています。これからも使い続けていくであろうツールです。",301-500,導入当初はツールに合わせた業務に変換する必要があり、定着まで時間がかかりましたが、定着してからはデータで全体を見ることができ業務の改善にも役立っています。,4.0,5.0,5.0,4.0,5.0
76,社内言語の統一が可能に,using,Manufacturer/manufacturing system,2021-12-09,5,スプレッドシートで1から作ろうと思うと正確な型を作るまでにかなりの時間、費用含めてコストがかかりますが、このセールスフォースであれば使いづらい点はあれど社内の型とすぐになっています。,>31-50,サービス導入により、これまで複雑化して、どこに誰がボールを持っているのかがわからず毎回探索コストが多くかかっていた点が解決されました。,4.0,4.0,4.0,4.0,4.0
78,コールセンター実績管理にも最適,using,IT related Service,2021-12-07,4,使いこなすためには専門知識が必要となるが、自由度も非常に高く要求に対する設計柔軟性が高いのが最大のメリットだと思います。一方、DB構造の理解や設計ドキュメントの作成が徹底されていないと運用がハードになるという側面もあります。,>31-50,MAツールや自社DBなど複数のツールと連携させることにより、関係組織の施策成果がSalesforceに集約されるようになり、自社DBの次くらいに重要なデータが蓄積される基盤となった。,3.0,4.0,5.0,4.0,4.0
79,多機能を使いこなせておらず、研鑽が必要です,using,Food and Leisure Service,2021-12-06,3,何でもできるセールスフォースなのですが、いかんせん十分に使いこなせていません。独特のUIで自社では十分カスタマイズでききれておらず、もったいないなあと感じています。専従者を配置する余裕がないので、どうすればいいか思案中です。,2-10,法人として寄附集めに力を注ぐことを決断しましたが、その折に寄付金と寄附者の管理を行うためにどのサービスがいいかを探し、セールスフォースに行き着きました。おかげさまで寄附の管理は滞りなく実施することができ、満足しています。,2.0,5.0,5.0,4.0,3.0
80,社内の営業管理ツール,currently not using,IT related Service,2021-11-24,3,"営業管理ツールとして活躍。
しかし長期的な利用にはつながらなかった。
ダッシュボードの編集や活躍できるシーンは多いものの、価格が高い。
メンバーが増えてい、また組織が大きくなった時のコストが大きい。",2-10,"メンバーとしての利用のため、詳細は不明。
営業管理・KPI/KGIの把握を簡単にできることは非常に良かった。",4.0,4.0,4.0,4.0,4.0
81,営業活動の進捗管理が簡単に,currently not using,IT related Service,2021-11-24,5,"非常にわかりやすくUI設計になっていてヘルプも充実しており、簡単に使い方を覚えることができて業務の効率化にすぐ繋げられたため。
また、ダッシュボードのカスタマイズの自由度も高いため。",>51-100,今まではGoogleスプレッドシートを使って営業の進捗管理などを行っていたが、関数やマクロを使う必要があり、ダッシュボードを用意するのに一苦労だったのが、Salesforceでは管理画面の操作だけである程度簡単に可視化ができるようになり、ダッシュボードの作成時間の短縮などに繋がっていたため。,5.0,5.0,5.0,5.0,5.0
82,追客状況の共有が速い,using,Consulting Service,2021-11-24,4,"追客状況の共有が迅速にできることが非常に魅力です。顧客情報登録、受領資料、次回のアクション等を共有し、的確なアドバイスを受けることができます。
難点としては、スケジュール登録や確度等の細かな登録です。",>31-50,本部や拠点長の追客管理は早くなりました。全体通してのKPI管理もすることができ、見える化も進んでいます。,3.0,4.0,4.0,4.0,4.0
83,営業の可視化、生産性の向上,using,Food and Leisure Service,2021-11-24,4,"見え辛かった、行動量や営業プロセスの可視化が行えた。
また、過去の接触履歴なども残せるので俗人化しない営業を行えるようになったが良い。
営業はリテラシーが低いことが多いので、使いこなしてもらえるまで時間がかかるが土壌ができてしまえばとても良いツールとなる。",>51-100,"弊社は事業部数がとても多いので、アタックしたい人との繋がりや、過去にNGになっている企業など情報の統制が取れていなかった。
これが解消できただけでとてもよかった",3.0,5.0,4.0,5.0,4.0
84,各顧客、顧客担当者の売上、利益がひとめでわかる,using,Manufacturer/manufacturing system,2021-11-24,4,いままでの社内開発ソフトでは、十分に分析できなかった顧客の売上、利益分析また担当者ごとの売上利益貢献度がひとめでわかるようになっている。分析速度も速く、またデータ共有も社内で簡単に済み、Service force cloudとの連携や、各種会計ソフトとの連携もできる。,501-1000,これまで十分に分析できていなかった顧客ごとの売り上げ、利益管理が可能になった。また、営業担当者ごとの売上、利益貢献度も一目でわかる。,2.0,4.0,4.0,4.0,4.0
85,メジャーで機能性が高いからこそ、迷うこともある,using,IT related Service,2021-11-23,3,使える機能が多く、実用が始まれば非常に良いが、使い切れるかどうかが肝だと思う。それ以前に、各オブジェクトの使い方を理解して、情報をどのように持たせるのが最適解か？などはレガシーの会社では難しいかもしれない。これが分かれば連動性を持って効率的に運用ができる。,2-10,情報の一元管理化ができたこと。あとどのSFAよりもとにかくオブジェクトの連携がシームレスで見やすい。どこに何の情報があるのかがすぐに分かる。,4.0,4.0,4.0,5.0,4.0
86,MAツールと連携し、一元的に顧客管理が可能に,using,IT related Service,2021-11-23,4,MAツールやその他外部ツールと連携しながら使用しています。顧客や契約情報を一元的に管理し、ダッシュボードで見える化出来ているため、非常に助かっています。ヘルプの読みづらさや、細かい仕様が難解な点が多いため、マイナスをしています。,>51-100,元々、MAツールとの連携や、社内での顧客管理を一元的に行うことが出来ていませんでした。導入することで、リード獲得から受注、契約管理やCS対応までを一元的に扱うことが出来ているため、効果的なアクションを取れるようになっています。,3.0,5.0,5.0,4.0,3.0
87,洗練された営業支援ツール,using,IT related Service,2021-11-22,4,APIでデータ連携できるので、営業上必要なレポートやグラフによって活動情報を可視化することができ、営業担当者に非常に便利なツールです。必要な情報の一元管理ができ、細かい設定やカスタマイズが可能です。,>1,これ一つで営業履歴をまとめることが可能となり、色々なシステムにアクセスして、データを探す必要がなくなりました。,4.0,5.0,4.0,4.0,4.0
88,営業進捗や顧客データを一元管理できるようになりました,using,Food and Leisure Service,2021-11-20,4,"UIも洗礼されており、非常にみやすく使いやすい営業管理ツールです。
また自身の勤める会社では違う部門の方とも連携が出来る様に設定をしており
自分のアプローチ履歴以外にも他部門のアプローチ状況や訪問先履歴などがすぐに確認できるため、グループ全体での提案活動にとても有益です。",>1000,もともと複数部門で違うサービス展開をしている自社でしたが、同じ顧客に対して窓口一つで接点が持てたり、他部門からの新規アプローチもできたりと「見える化」ができたことでの情報連携が密になりました。,4.0,4.0,3.0,4.0,4.0
89,使いやすい顧客管理ツールになります！,using,Retail/distribution/trading companies,2021-11-15,5,Salesforceはデータ上ですべてを管理できます。 自分の顧客だけでなくさまざまな状況に対応し、担当者が変わってもデータの確認ができるためすごく便利です。 顧客情報を蓄積することでその顧客の要望も蓄積し、共有し、次につなげることが可能です。,2-10,"顧客をたくさん抱えると、いつ誰がどのタイミングで何をお客様に聞いていたか忘れてしまいますが、セールスフォースを利用することで全ての情報を共有することができ、漏れがなくアプローチ顧客管理ができます。
またレポートを使用し様々なデータがすぐに出せることが強みです。",5.0,5.0,4.0,4.0,4.0
90,会社の資産である顧客情報が視覚的に管理できるように,using,Food and Leisure Service,2021-11-05,4,本製品導入前は、属人的に顧客情報をまとめ管理しておりました。慣れ親しんだ個人フォーマットから、一元的な情報管理ツールへ移行すると知った時には少し抵抗感がありましたが、会社の資産である情報をオープンに管理できること、定量的にも課題分析ができることなど、今では移行して良かったと思う点が多くあります。,301-500,本製品導入により、属人化していた顧客情報が一元管理されたことで、複数人がオープンに管理された情報にアクセスでき、多角的な課題分析につながっております。その結果、フォロー不足であった顧客への深耕営業ができるようになりました。,4.0,5.0,4.0,4.0,4.0
91,訪問セールスの営業担当は導入すべき,currently not using,Finance/Insurance,2021-11-02,5,訪問先の把握が簡単にできるようになった。優先順位を付けて訪問出来るようになったため、営業活動が効率化され、提案内容について考える時間が増えた。営業について時間の制約が多い担当者はいち早く導入すべきだと思います。,>11-30,訪問営業について圧倒的に効率化された。提案資料の作成時間がこれまでより十分に確保できるようになった。,5.0,5.0,5.0,5.0,5.0
92,慣れるまでは大変だが今は欠かせないツール,using,IT related Service,2021-10-29,4,導入後からシステム管理者業務も行っており、設定方法などで悩んだ際にヘルプページを確認するが、書かれている内容などが外資系ツール特有のわかりにくさがあるため、その部分を減点した結果。,>11-30,これまでは見えていなかった細かな数値やどの転換率がボトルネックとなっているのかなどの見える化が実現できている。,3.0,5.0,5.0,5.0,4.0
93,案件状況をスプレッドシートでなく可視化できている,using,Consulting Service,2021-10-28,4,今までスプレッドシートを活用してなんとか可視化をしようとしていたものをSalesforceのダッシュボードやレポートで表現できるので、非常にありがたい状況になっています。,>11-30,今までスプレッドシートを活用してなんとか可視化をしようとしていたものをSalesforceのダッシュボードやレポートで表現できるので、非常に見えやすくなり、そこからの仮説が立てやすくなりました。,4.0,4.0,4.0,4.0,4.0
94,使いやすい,using,Manufacturer/manufacturing system,2021-10-27,4,費用は若干かかるものの、引合管理の根幹をなしており、使えるツールと認識している。説明書なしでも、初めてでも簡単に使用することができるので、引継ぎも含め、非常に簡単だと認識している。,>51-100,複数の部署を横断する、お互いに認識せずに並行して動いてしまうタスクが減った。また、誰でも比較的簡単に使用できるのは助かる。,4.0,4.0,4.0,4.0,4.0
95,タスク管理をするなら申し分ない,using,Food and Leisure Service,2021-10-22,4,"使える機能が山ほどあるので、これを使いこなせれば通常の会社組織であれば、十分な業務効率化が図れると思う。
しかしそれは使いこなせればの話である。直感的なUIではないので慣れが必要。",>11-30,社内情報共有をどのように行うかという点を考えだした時に必ず思い当たるサービス。多分、自分一人で進めるにはハードルが高いが、サポートがしっかりしているので、社内で基盤を作るまではサポートと2人3脚で行うとよい。情報共有に関しては何はともあれここを見れば一発という社内掲示板的な使い方もできるので重宝している。,3.0,4.0,4.0,5.0,5.0
96,機能性と操作方法,using,IT related Service,2021-09-29,2,社内で使わせて頂いたが、あまり使いこなせておらず勤怠面でしか使っていなかった。よくセールスフォースを導入している企業は多いが、カスタマイズが必要なのか管理者ではないので不明,>31-50,"管理・決済者ではない為不明だが、使用側として勤怠など含め工数となっていることが多く感じられた。
管理者側としては管理する上で必要だったのだと思う。",2.0,3.0,2.0,2.0,4.0
97,SFAの代名詞,currently not using,IT related Service,2021-09-26,4,営業管理ツールとしては、標準機能だけでも十分だし、カスタマイズ機能やいろいろなサービスと連携できる点がとても魅力的。ただ、自由度が高いがゆえに、カスタマイズしすぎると、誰も管理ができないことになるので注意が必要。,301-500,"リードから契約に至るまでのマーケティングから営業、契約までの部門連携がしやすくなった。
また、Pardotと連携することにより、自動的にSalesForceへ情報を登録してくれるのが良い。",4.0,4.0,4.0,4.0,4.0
98,Salesforceを使わない理由が無い,using,IT related Service,2021-09-10,5,"世界No1のCRM/SFAで、使わない理由が見当たらない。
スモールスタートからスケールさせることも出来るし、他のクラウドサービスに比べ機能が豊富で拡張性が高い。
注意点としては、多機能な分しっかりとした設計の元、構築する必要がある。初期導入に関しては、知見をもったエンジニアやコンサルタントに相談するほうがベター。",>31-50,"常に外出している営業マンの活動が見えず、どこの会社に訪問したのかどんなメールをやりとりしているのか見えず、制作側と営業側の情報共有がうまく出来ていなかった。
Sales Cloudを導入することで、営業活動を入力することで訪問出来ていない顧客を可視化することが出来た。また、退職時に前任者の活動が顧客に紐付いて表示されるので、引き続きが楽になった。",5.0,5.0,5.0,5.0,4.0
99,導入難易度はかなり高いが、活用できればとても便利,using,Consulting Service,2021-08-09,3,導入コストがかなり高いことと機能が決まったフォーマットのみとなるために導入から活用までのフローがかなり面倒である。しかしながら、試行錯誤して導入できれば非常に役に立つサービス。,2-10,サービスを導入したことによりこれまですべてエクセルやスプレッドシートで管理していた顧客情報をよりシンプルに管理することが可能になりました。,5.0,5.0,5.0,5.0,5.0
100,リード管理・顧客管理を一つで実施可能,using,IT related Service,2021-06-30,4,"新規営業活動の中で、リードの管理や、過去やりとりをした顧客資産を活用していくにあたり利用しています。
過去のやりとりや、別担当がやりとりしている結果もスムーズに確認でき、作りたい条件でのリストの作成・進捗の可視化も一気にでき大変助かってます。",>31-50,"顧客資産を活かせておらず、リード管理が俗人化しておりました。
会社全体の顧客資産を活かし、アプローチできるようになったことでアプローチ効率が大きく改善されました。",3.0,4.0,4.0,4.0,4.0
101,リード獲得含めすべての数字が向上,using,Consulting Service,2021-06-21,5,これまで顧客管理からリードの獲得をふくめたCRMとしての活用は別のサービスを使っていましたが、セールスフォースを使用し始めて売り上げへの影響はもちろんそれ以外にもとても良い影響をもたらしてくれました。,2-10,サービス導入したことによって、これまでのCRMの課題であった見込み客から契約そして解約を防ぐところまでがフローとして顧客を管理できなかったのを解決してくれた。,5.0,5.0,5.0,5.0,5.0
102,カスタマーサクセスのために欠かせないツールです,using,IT related Service,2021-05-19,4,特別な訓練なく、誰でも利用開始ができます。連携しているSaaS類も多いため、自社でやりたいことはなんでも実現できるイメージです。コンサルタント契約を行うと、オンボーディングの支援を受けることができ、標準的な利用方法に加えて、自社のカスタマイズ方法について伴走してもらえます。,>51-100,Salesforceのコンサル導入を行うことで、SaaSサービスの立ち上げにおける、営業ポリシーの制定、営業メンバーの育成、営業システムの導入を、ザ・モデルのビジネスモデルに沿った形で、スムーズに行うことができました。,5.0,4.0,3.0,4.0,4.0
104,営業活動には欠かせないツール,currently not using,IT related Service,2021-05-18,4,自社の営業体制にに合わせて細かい設定やカスタマイズが可能です。必要なレポートやグラフで営業活動の情報を可視化することができ、営業担当者に非常に便利なツールです。,>51-100,商談履歴や案件などあらゆる営業活動を管理することができ、レポートを出すことができる。スプレッドやエクセルを使わなくなり、これ一つで営業履歴をまとめることが可能。,4.0,5.0,5.0,4.0,5.0
105,1週間かけて一気に導入することの大切さ,using,Consulting Service,2021-05-18,5,CRMとしてリードの管理などだけでなく、顧客満足度向上へのカスタマーサクセスの面でも十分に活用することができました。従来kintoneやエクセルで行っていたものを、より効率的に1つに移行することが可能になりました。,2-10,サービス導入によりこれまでそれぞれ別々に使用していたツールを1つ（セールスフォース）に集約することができ、従業員の効率向上だけでなく満足度UPにもつながった。,5.0,5.0,4.0,3.0,5.0
106,営業活動の視覚化で、ワンランク上の成果を,currently not using,Retail/distribution/trading companies,2021-05-17,4,あらかじめ自社に合った項目をカスタマイズし、営業日誌を入力するだけで、営業活動を視覚化することができます。進捗をグラフで確認できるので、誰でも分かりやすく現状を把握し、行動指針を立てられます。,>201-300,分かりやすく営業状況、案件進捗をマネージャーが確認でき、行動見直しなどをリアルタイムで行うことができた。チームメンバーの現状をマネージャーが把握しづらく、結局は個人管理にしてしまっていたが、日々の営業日誌で確認できるので助かった。結果的に効率的な営業活動に繋がった。,4.0,5.0,5.0,5.0,5.0
107,やりたいことはほとんどできる,using,IT related Service,2021-05-16,4,自由度が高く、機能は豊富。やりたいことはほとんどできる。商談管理のコンセプトがわかりやすく、THE MODELに共感できる組織なら、すぐに運用可能。ノンプログラミングで項目、設定、動作を管理画面で自由にカスタマイズできる点は素晴らしい。リードから商談化、フェーズ管理は営業プロセスのスタンダートといえる。ただし、自由度が高いゆえに設定難易度は髙い点は気を付ける必要がある。,>11-30,自社クラウド製品の販売において、営業プロセスの定着と商談管理を実現。どのフェーズにどのくらいの商談があるのかが視覚的にわかり、受注予測やボトルネックの把握が容易になった。,4.0,5.0,5.0,5.0,4.0
108,CRM/SFAの最大手なだけあり機能の充実度合いは圧倒的,currently not using,Retail/distribution/trading companies,2021-05-15,4,"一時期会社で導入されていた。従来は社内イントラ上の営業日誌に記録するだけに留まっていたが、Salesforceが出来ることは単なる日誌ではなく進捗管理、データ分析、アプローチ企業の名刺管理などできることが圧倒的に多かった。
社内で使いこなせる人間がほぼおらず頓挫してしまったが属人的な営業スタイルからの脱却をするのであればSFAは必要な武器であると感じた。",>1,"Salesforceを使っていた時期は営業から共有されるデータの質と量が圧倒的に充実しており、きちんと入力するだけで会社のSWOTやボトルネックが分析できてしまう優れたツールだった。
コロナ禍でキーマンと直接フェイストゥーフェイスで会う機会が少なくなった今、SFAによる分析と多方面からのアプローチは有効な手立てになると思います。",4.0,4.0,5.0,4.0,3.0
109,顧客管理のトップツール,currently not using,IT related Service,2021-05-13,4,SFA等で探すと必ず選択肢に上がるツールだと思いますし、それなりに使えるものと思います。会社として各案件を調べられるのは参考になりますし、自分の目標設定と達成に向けたプランニングもできる,301-500,マネージャーが部下の状況を把握しやすくなったと思う。また自身の目標到達具合や今後のプランニングに役立てることが出来た。,4.0,4.0,3.0,5.0,5.0
110,営業実績がダッシュボードで一覧管理出来るようになりました,using,Real Estate/Construction/Equipment,2021-05-11,3,欲しい情報をダッシュボードに表示させるために、情報の入力方法や集約方法についてある程度の知識と技術が必要でメンテナンスについては属人化しやすいシステムであるなと感じています。,>11-30,複数の営業メンバーから挙がってくる商談受注状況がタイムリーに一目でわかるようになりました。導入前までは、専用メンバーが手集計をしていたことを考えると大変便利になったと感じています。,2.0,4.0,5.0,5.0,5.0
111,営業支援ツールで右に出るものはない,currently not using,IT related Service,2021-05-07,5,"部下のしんちょくの確認が細かく取れることもあり、UI/UXともによかった。
さらに連携させることで見積などもSFから出せるので使い勝手はさいこう。

失注理由がかけたところは大きい。",>31-50,"進捗が分かることで、チームや部下が何をしているか一目でわかるようになった。
今日は何をしていたのか全て把握できること。",3.0,3.0,3.0,3.0,4.0
112,洗練されたUIUX,using,IT related Service,2021-05-06,5,非常に洗練されたUIUXを採用しており、ほかのサービスとのAPI連携もしていることから、広範囲にエコシステムを形成されている。これを導入することにより、営業効率が高めることは間違いない。,>1,タスク管理が非常にしやすく、他のユーザーと情報共有が素早くできるため、業務効率化に寄与することは、間違いない。,4.0,4.0,5.0,4.0,4.0
113,業績が一目でわかり営業戦略を立てやすくなりました,currently not using,Consulting Service,2021-05-01,5,"過去利用していたものよりも、圧倒的に良いです。
具体的には、自身が分析をしたいデータをグラフや表で表示することができるので見やすいことが1番の魅力だと感じています。",>101-200,ユーザーとして利用させていただき、業績進捗確認や案件管理はとてもしやすかったです。また、自身の業績だけでなく組織全体でセグメントをかけることで、目的に対していま、どんな課題が発生しているのか。うまく行っている人はどの指標に注力しているのか。分析がしやすく、成果を上げるための仮説検証はしやすかったです。,4.0,5.0,5.0,5.0,4.0
114,優れ物のＣＲＭツール,using,Retail/distribution/trading companies,2021-04-08,5,優れている点、良かった点は、項目や設定、を管理画面で自由に変えられる点。ダッシュボードで様々なデータを視覚化できる点。Marketoと連携でより多くの機能が使える点。,2-10,エクセルを使って顧客情報を管理していましたが、対応ができなくなってきていました。こちらのツールを導入してからは管理がより簡単に出来るようになりました。,5.0,5.0,5.0,5.0,5.0
115,色々なサービスとＡＰＩ連携できる,currently not using,Food and Leisure Service,2021-03-05,5,SalesforceへいろいろなからAPIでデータ連携できるのでSalesforce上で必要な情報の一元管理が出来る点が非常に便利です。またカスタマイズ性も高い点も評価できます。,>51-100,色々なシステムにアクセスしてシステム操作する必要がありましたがSalesforceを導入後にはSalesforce上で操作が完結できるようになりました。,5.0,5.0,5.0,5.0,5.0
116,カスタムの投資を怠ると損をする,using,Food and Leisure Service,2021-03-05,1,利用する会社のサービス・費用・どこに顧客がいるかによると思います。カスタムをする場合、自社でシステムエンジニアの工数確保ができない場合は運用はむずかしい。社外の専門の会社にだすが費用と運用・保守もそれなりに費用がかかる。,>31-50,顧客管理、顧客ごとの費用をわかるようになったが、それだけ。使い勝手が非常にわかるかった。自社商品にもよりますが。リピート商品を売る販売ルートが費用な会社はいいと思います。,2.0,1.0,2.0,3.0,2.0
117,営業で必要になってきたツール,currently not using,IT related Service,2021-02-19,4,営業チームのゴールを明確化することができ、重要事項を誰もが一目で把握できるようにする非常に必要なツールです。ツール内でメールの送信を行うことができ、Gmailと連携することも可能です。,2-10,お客様の経営課題に合わせた提案をタイミング良く行いたい方におすすめ。慣れるまで少し時間がかかりますが、一応慣れたら人生ラクになります。,3.0,4.0,3.0,4.0,4.0
118,使いこなすまで難しい,currently not using,Consulting Service,2021-02-06,3,"前職の会社が導入していたので利用していました。
・マーケティング・営業まで情報を一元管理
・業務スタイルに合わせて柔軟にカスタマイズできる
・アプリケーション作成すればすぐ使用できる
がSalesforce Sales Cloudのポイントだと思います。

・",2-10,営業に必要な顧客情報・営業情報・社員情報の確認・共有が可能また他システムとの連携ができるところもいい点だと思います。,4.0,4.0,4.0,4.0,4.0
119,営業には必須のツール,using,IT related Service,2021-02-02,4,案件や見込み、進捗など簡単に整理することができる為、営業には非常に必要な機能ばかりなのでとても良いツールです。ただし、複雑な機能も多いので 使いこなせる人はもっと便利だと思う。,>31-50,営業の進捗がひとめでわかる為、全体での共有がしやすくなった。営業に必要な機能が備わっている為、とても良い。,4.0,4.0,4.0,4.0,5.0
120,必要な機能を選んで使用できる,using,IT related Service,2021-01-24,4,仕事の営業の活動を記録しています。自分の中での見込みや進捗の管理などが断然にスムーズになりました。ネット環境があればいつでも情報を入力することが可能なのも後回しにせずに済むので効率的です。,>1,コロナ禍によって直接会って営業することが難しい中、オンラインで営業活動ができるツールはメリットでしかない。,4.0,4.0,4.0,4.0,4.0
121,機能がかなり充実している分、使う側も覚悟が必要,currently not using,Consulting Service,2021-01-13,3,"顧客管理や営業のアクション管理を行う上で抜け漏れの無いサービスという印象。
その一方で、機能が非常に充実しているあまり、安易に導入すると運用に乗せることができずに宝の持ち腐れになってしまうケースも少なくはないと感じる。",>1,Salesforceの導入以前に発生していた必要なアクションの漏れなどが、Salesforceの導入で、案件のステータス・担当者・ネクストアクション等がチーム全体で可視化されることで、減った経験があります。,4.0,5.0,5.0,5.0,4.0
122,なんでもできちゃうシステムです,using,IT related Service,2021-01-08,4,"機能については文句なしで☆5です。
柔軟に自分でカスタマイズできるし、標準的なオブジェクトは設定されているしでとても便利です。
多少難しいことであっても、自力で調べれば解決できるので、コード書かなくても従来のシステムの比にならないものが出来上がります。
☆4にしたのは、ランニングコストが馬鹿にならないので。。",501-1000,スクラッチで開発したシステムは、ビジネスの変更に対応するのに開発予算と時間がかかっていたので、ここがクリアになったのが一番良かったです。,5.0,5.0,5.0,5.0,5.0
123,ビジネスのプラットホーム,using,Retail/distribution/trading companies,2021-01-05,5,必要な案件、見込み客、活動履歴、既存顧客からの問い合わせの情報が関連付けて保存がされていて、必要なデータに楽にアクセスすることができるようになっていて営業には必須のツールです。,>1,顧客管理をExcelやスプレッドシードなどで管理していましたがSalesforce Sales Cloudを導入することで一元管理できる様になった。,3.0,3.0,3.0,3.0,3.0
124,世界一のCRMであることは確かだが、難しすぎて全然使いきれず,currently not using,Manufacturer/manufacturing system,2020-12-24,3,素晴らしいサービスであることは確か。営業～導入後のフォローまで抜け目がなく、他社とは比べ物にならないレベルの高さ。特に営業の質が高く、受けてみるだけでも価値あり。だが、私たちは使いこなせなかった。,2-10,顧客管理の重要性に気づけ、意識と行動が変わったただけでも導入した価値はあった。全ての面談が半永続的な社内資産になっていく。,2.0,3.0,5.0,5.0,5.0
125,導入の目的・運用が重要,using,Food and Leisure Service,2020-12-12,3,同サービスを活かすことができれば営業効率が格段に上がる可能性を感じるものの、現時点で私の組織ではそのレベルに至っていないく単なる情報の蓄積ツールとなっているため。,>201-300,"現在、改善中のため、効果は不明。
売上予測など今まで属人化していた点を数値で表せるようになったことは○。",2.0,2.0,2.0,2.0,5.0
126,柔軟なカスタマイズができる。一度入るとやめられないツール,using,IT related Service,2020-12-11,5,"CRMを検討するのであればまずセールスフォースを検討すべきだと思います。
他ツールとの連携や開発することでさらに便利に使えるので使いこなせる人材がいればおすすめです。",>11-30,顧客リストの管理のみならず、リード獲得時の通知連携やプロセスビルダーでの自動化ができることで業務効率が圧倒的に上がりました。,5.0,5.0,5.0,5.0,5.0
127,業種にとらわれず利用することができる,using,IT related Service,2020-12-09,4,顧客管理・案件管理、スケジュール管理・営業活動の進捗管理 （To-do管理含む）・各種レポート作成など非常に必要な機能が備わっているので導入するメリットばかりだと思われます。,>1,さまざまなアプローチによって顧客管理や営業支援をスムーズに実現を可能にしてくれるシステムになっているので導入するべきだと思います。,4.0,4.0,4.0,4.0,4.0
128,フローが明確になり、情報共有が楽になる,using,Consulting Service,2020-12-04,4,"非常に使いやすかった。営業のフローが分かりやすく、次のアクションがとりやすい。
あえて言うのであれば使い方をマスターするまで比較的時間がかかることと、
自分で学習する必要がある。",301-500,"次のアクションがとりやすい。またチーム内のメンバーの課題がわかりやすく表示できた。そのためミーティング時になにを話すべきか理解できた。
チーム内での共有が楽になった",4.0,4.0,4.0,4.0,4.0
130,営業の進捗がひと目でわかる,using,IT related Service,2020-11-30,5,"エクセル等で煩雑だった営業指標管理がダッシュボードの活用でひと目でわかる。
マーケからセールスまで一気通貫で数字を見ることができ、管理者側の工数が格段に減る。",>51-100,"複数部署横断して使っているが、誰がいつどのようなアクションを起こしたかひと目でわかる。
また、同じ組織の方がだれでどういったリレーションなあるかもひと目でわかる。
他部署と横断で取引する場合などハレーションがなくなる。",3.0,5.0,5.0,4.0,5.0
131,ダッシュボード機能を使いこなせると最高です！,currently not using,IT related Service,2020-11-30,5,"ダッシュボードを使いこなすことで、営業進捗やそれぞれの部署の現在の状況を一目で把握できます。
また、自分が見たいものを自分でカスタマイズできるので1人1人に必要なものが見れるようになります。",>51-100,"営業1人1人の営業進捗やどのクライアントに今月なにをしたか(メール送ったなど)が見れます。
そのため上司が対応の必要なクライアントを気づけたり、より鮮明な営業角度を知ることができました。",4.0,4.0,5.0,4.0,4.0
132,営業活動を可視化できるツール,using,Consulting Service,2020-11-29,4,初めて使う人でもわかりやすく、ITスキルがない人でも訓練をすればマスターできるシステム。営業を管理する側は数字も追える上に顧客データの管理のも使用できるので、営業にはマストアイテム。,>1,以前は顧客データや営業データの管理をスプレッドシートで行っていたが、現状はこのサービスを導入している。スプレットシートだとどうしてもデータが重くなったりデータ紛失にも繋がりかねないが、このサービスにより管理も徹底され、業務効率が格段にアップした。,4.0,4.0,4.0,4.0,5.0
133,非常に秀逸な営業管理ツール,using,IT related Service,2020-11-28,5,"Salesforceを導入したことで営業活動が大幅に効率化された。

前提となるシステム・オペレーション設計や活用の実行度を上げるための文化形成がセットでなければうまく機能しないが、逆にやり切れば非常に大きな力になってくれる。",>11-30,社内で内製で使用していた営業管理ツールでは、各リードや商談のパイプライン管理がしづらかったり、情報蓄積の観点が統一されていないことで機会損失が多かったが、セールスフォース導入後はほとんどの機能をセールスフォース内で完結させることができ、情報も適切な形で蓄積しながらパイプライン管理が行えるようになった。,5.0,5.0,5.0,5.0,5.0
134,アカウントの進捗が見やすい,currently not using,IT related Service,2020-11-28,4,"ログの入力やタスクの管理が非常にシンプルでわかりやすかったです。またログについては１つの画面で一覧で見ることができたので非常に見やすかったと思います。
また担当者間のやりとりも非常にスムーズに行えるツールだと思いました。",>1000,"サービス導入により、アカウントのセールスプロセスの進捗が非常にわかりやすくなった。
またタスクの管理が非常にシンプルでわかりやすかったので、タスクの漏れが防げるようになった。",4.0,4.0,3.0,3.0,4.0
135,先方との商談情報やメールでのやり取りが一目で分かる,using,IT related Service,2020-11-28,5,引継ぎや顧客の状況確認をする際に、セールスフォースに顧客との商談内容や、先方担当者名、弊社担当者名、メールのやり取りなどが残って記録されているため、共有が楽で、他部署とも連携が取りやすい。掘り起こしの際も参考にしている。,>1,以前は担当者変更にて担当者間の引継ぎで、上手く引き継がれていないことなどもあったが、セールスフォースに重要な情報はまとまっているので、引継ぎや状況の共有が便利になった。,4.0,5.0,5.0,5.0,5.0
136,品質が高い！,using,Mass Media/Advertising/Design/Game/Entertainment,2020-11-28,5,導入して使い始めて感じたのが、UIが非常にシンプルになっていて直感的で分かりやすくなっていると思います。カスタマイズすることも可能なので日々の仕事の案件進捗管理で圧倒的に便利に使用ができます。,>1,一人一人の顧客とのコミュニケーションをとっていく上で、タスク管理の機能などを利用して現在の進行状況の管理が把握できるので助かっています。,5.0,5.0,5.0,5.0,5.0
137,営業情報の一元管理に,using,IT related Service,2020-11-28,4,"部署をまたいだ情報の連携・共有が可能。
またコロナ禍でリモート体制になってからは勤怠管理も行なっており、
UIシンプルで分かりやすく、操作自体も簡単なのでストレスがない。",>51-100,"他部署との情報連携が簡単になった。
また、必要な情報・項目を集約しておくことでレポート化、分析もできるので、今後の為にも必要なツール。",4.0,5.0,4.0,4.0,5.0
138,導入・運用設計が大事なツール,using,IT related Service,2020-11-27,4,導入・運用設計を初期段階でしっかりしておけば、営業/マーケ組織にとって管理や戦略立てに役立つツール。しかし、とりあえずで使ってみるぞと導入すると、あとで改修が大変なので注意が必要。,>1,営業組織全体の進捗管理、メンバーの個別の成果や行動量の見える化をかを可能にしてくれるツール。また顧客情報などの登録によって、営業リストの掘り起こしなど、戦略設計にも役立つツール。,4.0,4.0,5.0,4.0,4.0
139,効率的な案件共有の実現,currently not using,IT related Service,2020-11-27,4,前職では同時に20社以上とお取引をしていました。その中で、商談・提案内容の共有をセールスフォースで行うことで、社内の情報伝達負荷が減り、顧客対応に時間を割くことができるようになったため。,>101-200,社内・海外部署との顧客情報の共有がスムース且つ確実に行えるようになり、ミスコミュニケーションが減った。更に、顧客とのやり取りの状況が可視化されたため、自身はもとよりチームメンバーの状況に応じて柔軟にたち振る舞えるようになった。,3.0,5.0,4.0,3.0,2.0
140,勤怠管理特化,using,Real Estate/Construction/Equipment,2020-11-27,4,現在も会社で利用しております。形態のアプリと連動することにより、今の李モートワーク下での勤怠管理がかなりスムーズにストレスなく行えております。現在機能面・操作性共に不満はないため5点としております。,>1,勤怠の管理もさることながら、自身の当月の業務内容を一覧で見ることができるので、どの案件のどのフェーズに時間がかかっていているのか。など業務の生産性を上げるきっかけになっていると思います。,4.0,5.0,5.0,5.0,5.0
141,タスク管理,using,Real Estate/Construction/Equipment,2020-11-27,3,日々の勤怠管理データ管理を利用できることは非常に助かる.位置確認やコンプライアンス的な管理もできている。現状でここまでできていることで非常に満足している。今後も継続利用をしたい,>1,メリット勤怠管理を行える。打刻漏れの軽減。月ごとの働き方、過去の働き方を目安に当月の働き方予測を立てることが出来る,3.0,3.0,3.0,3.0,3.0
142,一元管理が可能,using,IT related Service,2020-11-26,5,レポートやダッシュボードの活用により、マーケ・インサイドセールス・営業・カスタマーサクセスと情報の漏れなく共有することができ、Pardotやフォーカスとの連携もできることから、一元管理が簡単にできるようになったため。,>51-100,インサイドセールスとして営業と重複することなくコンタクトできたり、リードナーチャリングが効率よくできるようになった。,4.0,5.0,4.0,4.0,3.0
143,社内情報共有はこれで！,using,Manufacturer/manufacturing system,2020-11-23,4,"社内掲示板、顧客情報、月次報告、営業日報、案件管理と営業活動のほとんどをセールスフォースのシステム内で行っており、情報が集中していて使いやすいから。スマホからの入力もスムーズに出来るため
外勤先でもストレス無く入力が出来る。",>11-30,各営業ごとの活動進捗が見やすくなった。営業だけでなく、他部署との情報交換もしやすくなった。案件管理をすることで、案件ごとの活動の抜け、もれが少なくなってきた。,3.0,5.0,5.0,4.0,4.0
144,営業でもらった名刺管理に,currently not using,IT related Service,2020-11-23,5,"以前の職場で、営業の名刺を登録するために使用していました。
後から顧客の検索をする時に便利で、全社で情報共有がスムーズにいくため、ビジネスツールとしては必須でした。",>1,"顧客の情報管理・整理が簡単になりました。
アポイントメントや、現在のステータス状況の確認も容易で、タスク管理しやすくなりました。",4.0,5.0,4.0,5.0,5.0
145,世界で選ばれている営業支援システム,currently not using,IT related Service,2020-11-23,4,営業支援システムの中では導入事例が多くて知名度も十分です。必要な機能は全て揃っていると言っても過言ではないです。他のサービスとの連携も取りやすいので導入する価値ありです。,>1,Salesforce Sales Cloudで顧客満足度を上げて、ビジネスチャンスを逃さずに掴み取ることができます。サービスの安定供給はもちろん、きめ細かい連絡やサポートも可能です。,4.0,5.0,4.0,5.0,4.0
146,売上管理とセールス分析に活用,using,Consulting Service,2020-11-21,3,年間のセールス管理に活用するため導入。どのような案件でどれくらいの売り上げと利益が積みあがったのかを入力して管理している。ゆくゆくはビジネスインテジェンスを行うためのデータソースとして利用していくことを想定している。,>1,まずは、売上管理ができるようになった。直近では予実管理として使い、予算達成のための見えるかに使いたい。ゆくゆくは、社内の強み弱みなどの現状分析などでの活躍を期待したい。,4.0,4.0,3.0,4.0,3.0
147,タスク管理,using,Finance/Insurance,2020-11-21,4,案件管理において文句なしの使いやすさ。進捗状況が一元管理でき、汎用性も非常に高い。チャット等の機能は利用することはなく、他サービスを利用していた。その点は改善の余地あり。,301-500,以前は個別ごとの案件管理をしており、案件の全体感を掴むことが難しかった。導入によ同僚の案件も含めて可視化が可能となり大幅に作業効率が改善された。,4.0,5.0,3.0,4.0,3.0
148,シンプルでわかりやすい,using,IT related Service,2020-11-21,4,"ユーザとして使用しているが、日々の勤怠打刻及び各申請、毎月末の上長への承認においても、簡単で使いやすい。
簡潔な操作、わかりやすいボタン名称なので、いい意味で無駄な機能がないと感じる。",>1,以前はExcelでの月毎の勤怠管理、タイムカードでの日次の勤怠管理と一元化されていなかった。本ツールを使用することで、ユーザ視点では月末の事務処理が簡単になった。,3.0,4.0,3.0,3.0,4.0
149,自社カスタマイズ性能に特化しMAツールへの展開が分かりやすい,using,Consulting Service,2020-11-20,4,元々管理していた自社の管理方法からのsalesforthへのカスタマイズがしやすかったです。また、他ＭＡツールとの連携もイメージしやすく取り入れやすかったです。,>1,今まで複数のデータを手作業で入力していたものがオートメーション化され、大幅に他の業務への時間へあてる事が出来ました。おかげさまで、利益も上がってきています。,3.0,3.0,5.0,4.0,4.0
150,最高の顧客管理、CRMツール,currently not using,IT related Service,2020-11-19,4,以前働いていた企業で利用していました、約7年ほど前に利用しましたがその当時としても既に、利用していて不便を感じない完成されたユーザビリティだったと記憶しています。,>1,営業マンから機能拡大などの提案を受けたことがあります、これくらいのコスト投下でこれくらいの費用削減が期待できますという提案でした。単純なロジックではありましたが意思決定者となる社長に説明するにはわかりやすい資料でした。おそらく営業マンが徹底的に顧客視点で提案しているからだと思います。,3.0,3.0,3.0,3.0,3.0
151,企業情報集約・商談情報集約の管理システム,using,IT related Service,2020-11-19,5,取引先の企業情報の集約、また商談情報の集約とそれぞれを管理できる場所として、非常にわかりやすく見えやすい設計となっているプラットフォームと言える。またダッシュボードや商談専用ページなど、様々なニーズに合った形で都度カスタマイズが可能で、非常に役立つ設計になっている。,>101-200,各商談の進捗状況・フェーズ管理などが一目でわかるようになり、共有の場所として、かつ上長が管理する場所として非常に役立った。まだ取引先の部署や担当者、また組織体制や決算月のメモを一元管理できるので、情報に立ち返る場所として使い勝手がいい。,5.0,5.0,5.0,5.0,4.0
152,営業に関するデータがすべて可視化！！,using,IT related Service,2020-11-19,5,他のCRMは使ったことないのですが、カスタマイズ性が高く営業活動の「みたいデータ」がすべて取得することができます！スプレッドシートとも連携が可能なので、細かいデータまで見れるので新たな施策もデータをもと意思決定ができ、まさにデータドリブンな組織になっています。,>51-100,使い方に慣れるまで（データや履歴入力が徹底されるまで）は時間がかかるものの、オペレーションに組み込むことができれば顧客情報・売上管理が容易にできるようになります。当初はエクセル・スプレッドシートの３重管理でしたが、今はこのCRMのみで運用しています。,4.0,5.0,5.0,5.0,5.0
153,部署内を超えた案件管理が簡単に,currently not using,IT related Service,2020-11-19,4,"案件管理においてなくてはならない存在。機能が多岐にわたり、使いこなせればかなり便利だと思う。
ただ機能が充実しすぎているので、導入する際は専任の詳しい人を置いて初期設定をしっかりする＆いる機能いらない機能を見極めることが大事だと思う。使いこなせれば企業としての体力はかなり上がる。",>51-100,"エクセル管理していた時に頻発していた、誰かが書式を壊した・・・などの事案はこれで解決した。
今どのメンバーがどういった状況なのかが管理しやすく、営業における次の一手を考える際にも非常に参考になった。",4.0,5.0,5.0,4.0,5.0
154,引き合いからの顧客管理と商談管理がメインのクラウドサービス,using,IT related Service,2020-11-19,4,"業務分析がうまくいって機能がうまく業務に合うようにある程度最適化できれば、使いやすいです。
中に存在するデータの検索を駆使しながら利用しますが、検索性は高いと感じます。

難点があるとすれば、シングルページアプリケーションで表示負荷が高く、
表示がややもっさりと感じられます。",2-10,顧客がシステムを導入するにあたり顧客情報や商談状況を管理するための可視化が実現でき、組織内での顧客管理や商談進捗管理が容易となった。,3.0,4.0,4.0,4.0,4.0
156,タスク管理に利用,using,Manufacturer/manufacturing system,2020-11-18,4,それぞれが管理していた情報をタイムリーに共有できるため管理が楽になりました。進捗状況が一目で分かります。また、部署内だけでなく他部署との情報共有にも利用しています。,>1,過去の記録を確認できるため、今までメールの中から情報を探していた時間や引き継ぎの時間が短縮されました。用途に合わせてカスタマイズすることもできるので、使いやすいです。,5.0,4.0,4.0,5.0,4.0
157,最初の設計がとてもだいじ,using,IT related Service,2020-11-18,4,"営業管理・支援・顧客管理をする上で欠かせない存在だと思います。
未来につながらない実績に、入力する価値はほぼなく、一定規模を迎えた事業においてはExcel管理はそれに該当すると考えています。

日々の商談状況や売上情報の蓄積による、「予測を行えることが当製品の真価」だと感じています。",>51-100,"顧客・商談管理ができる様になったのはもちろんですが、商談が発生してから請求が立つまでの部門間連携にも便利です。弊社のなかではAPI連携により、フェーズ変更の際にはslack通知を飛ばして商談のバトンを渡す役目も果たす存在です。


一方で、
たとえば、EXCEL管理から脱したい、という 一部分の目的だけ果たすことを目的として導入開始すると、あるべき構造の設計などが不十分になりますので、利活用しづらいデータが生産されるだけになってしまいます。

非常に多用な機能がありますので、まずは 専任担当を設けて設計をしてから導入することをおすすめします。",4.0,4.0,5.0,4.0,5.0
158,簡単に勤怠を管理,using,IT related Service,2020-11-17,5,"システムや情報管理が苦手な私でも、簡単に勤怠の管理ができました。
残業の申請や、休暇の申請も細かく設定＆申請することができるので
勤怠管理にストレスを感じることがなくなりました。",>11-30,"UIがわかりやすく、タスク一覧が把握しやすいため、勤怠に関するミスが減りました。
また申請のフローが細かく設定できるため、各部署の勤怠管理が簡単になりました。",5.0,5.0,5.0,4.0,5.0
159,案件管理の重要性,using,IT related Service,2020-11-13,3,Salesforceを導入することにより、様々な数値の可視化に役立った。サービス導入後のフォローも手厚く、回数に限りはあるがユーザー向けに使い方を説明していただく場を提供してくれた。,>31-50,Salesforceを導入することで、売上目標達成に向けた案件管理を行うことができるようになった。課内、部内で案件の進捗状況を共有することで、課題事項のサポートやフォローができるようになり、案件獲得につながった。,2.0,4.0,5.0,4.0,4.0
160,チームやメンバーの進捗状況がひと目で分かる,currently not using,IT related Service,2020-11-11,5,チームの進捗状況や自身の活動状況を可視化することができ、何に課題があり、どういう打ち手を講じれば良いかをダッシュボードを見ながらコミュニケーションを取ることができます。,>1000,前職の際に利用していたのですが、導入する以前はExcelやスプレッドシートを活用しながら管理していたものが、SFを入れたことでスピーディーかつ正確にデータを管理することができるようになり、状況把握と今後どんな策を講じていけば良いかがクリアになりました。,5.0,5.0,5.0,5.0,5.0
161,個別の商談進捗や顧客情報が集約できる。,using,IT related Service,2020-11-11,4,営業個人で抱えてしまいがちな商談進捗や顧客情報が1箇所に集約でき、チームで閲覧できるため、営業活動が効率化できるなと感じます。また、架電リストなど組み方次第ではさまざまなタスクリストを作成でき、エクスポートのフォーマットもカスタマイズできます。インサイドセールス的な動きしているのですが、大変活用しています。,>101-200,営業個人で抱えてしまい、ブラックボックス化していた商談進捗、顧客情報を見えるかできた。アタックリストを簡単に抽出でき、営業活動が効率的になった。,4.0,4.0,4.0,4.0,4.0
162,業績管理を一元化,using,Mass Media/Advertising/Design/Game/Entertainment,2020-11-11,3,業績管理はいままでエクセルで部署ごとに管理していた。セールスフォースを導入することでクラウド上でタイムリーに業績の進捗管理が可能になった。業績管理以外にもアプリをつくれることは便利。,>201-300,これまで業績管理は部署ごとにエクセルで管理をしていたため全体の把握が困難であった。同じファイルを複数の人がアクセスすることで不具合も生じることが少なくなかった。セールスフォースを利用することでその問題が解決できた。,3.0,4.0,4.0,4.0,5.0
163,クライアントからの信頼感が得やすい,using,Mass Media/Advertising/Design/Game/Entertainment,2020-11-11,4,"クライアントのアクセス解析やホームページ・LP・広告流入などの状況を把握することに便利である。
また、カスタム性も多く、クライアントと情報共有を行う際にも、便利である。",2-10,"クライアントと、共通の画面で課題抽出、今後の機能として良い点、悪い点を管理できることから
クライアントからの信頼感を得やすい。",3.0,4.0,3.0,2.0,4.0
164,営業活動の効率化やノウハウの共有をしたかったが使いにくい,currently not using,Mass Media/Advertising/Design/Game/Entertainment,2020-11-11,2,みんながデータを入力してくれなく、業務が増えた感じがして、負担だけが大きかった。売上の成果がすぐに出たわけではなく時間がかかり、また費用対効果が分かりにくかったから。,2-10,私が率先して積極的に使うことで、まわりのみんなに使われるように促した。使用すれば、一定のノウハウの共有ができることが分かった。,2.0,2.0,1.0,2.0,2.0
165,営業支援・顧客管理システムのトップランカー,using,IT related Service,2020-11-10,4,顧客管理及び営業支援をする上で、このサービスでできないことはほぼないと思っていいと思います。高度な設定をしようと思えばいくらでもできるので、あらゆる営業チームの要件を満たしてくれるはずです。一方、管理体制や方針が明確に定まっていない場合はあまりおすすめしません。環境の構築・保全にも、システムについてそれなりに精通した担当者が求められるので、すべての人に進められるかというと難しいです。,>51-100,当初、顧客管理はエクセルのシートを利用して行っていましたが、やはりすぐに限界が来てしまいシステムの導入を検討しました。最初は比較的安価なサービスをいくつか試しては軌道に乗らず運用をやめるということを繰り返していました。Salesforceは間違いないサービスであると認識はしていたものの、コスト面や運用者をどうするのかといった点から導入を見送っていましたが、売上をしっかりと管理していく必要性もあり、最終的に導入に至りました。結果として、軌道に乗るまでにかなりの体力を要したものの、このサービスを導入していなければここまで会社の地盤を強固にすることはできなかったと断言できます。営業の見込み顧客や過去顧客の管理はもちろん、与信や請求周りなど、非常に幅広い範囲で活用しています。,3.0,5.0,5.0,5.0,5.0
166,自らの営業先案件の管理,using,Consulting Service,2020-11-10,4,一般的な営業部員です。現在案件を20弱程保有しておりますが、各案件の管理を行うにあたり、細かく進捗を可視化できるので便利。4点である理由としては、自分の分析したいダッシュボード作成に際しての要件定義が難しく感じるため。,>101-200,営業組織において、インサイドセールスからカスタマーサクセスまでの繋がりに力を入れているため、組織全体で案件を可視化できている状態が必要になる。URL1つで全社員と共有できる点がスピード感を上げられたと感じる。,4.0,5.0,5.0,5.0,5.0
167,最高峰のSFA!!,using,IT related Service,2020-11-06,5,弊社では顧客の管理においてsalesforceは必須になっています。取引先の情報を素早く蓄積、分析してくれますのでとても助かっています。私自身がとても気に入っている機能は、新規の顧客と既存の顧客を分け、商談の分析を管理をしてくれる機能です。顧客の状況を簡単に把握することができるのでとても気に入っています。,>1,以前は顧客の情報管理に手間や時間、費用をかけていましたが、salesforce導入後は取引先との紐付けが簡単になり、情報の共有がスピーディーになりました。手間や時間、費用の削減になりとても助かっています。,5.0,5.0,3.0,5.0,5.0
168,案件の進み具合や過去の履歴がチェックでき、情報共有しやすい。,using,Manufacturer/manufacturing system,2020-11-04,5,各営業マンの動きや各案件の進み具合が全営業で情報共有でき、それぞれに対してどういった指示を出したのかが履歴に残るのでいちいち覚えていなくてもよくなった。また、受注計画であとどのぐらいの数字が足りないかなどのデータがすぐに計算ではじき出されるようになったので営業部全体の数字管理者の立場からもエクセルに打ち込んで計算しないといけなかった手間が省けて仕事の効率が上がった。,2-10,今までは営業部員の日報はそれぞれがメールに記載して各上長や社長に送っていたが、メールの日報だとあとから案件について「あの案件どうだったっけ？」と思ってもメールから探し出すのが一苦労。また、誰がどの日の日報を提出しているかしていないかを「日報提出用エクセル」に記録してチェックするという手間がかかっていた。それがこのSalesforce Sales Cloudの導入によってお客様ごとへの動き、日々の案件の進捗具合などの欲しい情報が数クリックで全て履歴が追えるようになった。また、数字管理についても受注できそうなものの数字を日々入力していくので、来月、再来月にどのぐらいの受注が上がりそうかなどの数字予測もすぐに計算で出してもらえるので業務効率が格段にあがった。,4.0,5.0,4.0,5.0,4.0
169,タスク管理の担当や履歴がひと目でわかるように,using,IT related Service,2020-11-03,4,チームの進捗状況がひと目で分かる点が良く、カスタマイズにも優れているため、欲しい情報を取得しやすく、またダッシュボード管理ができるため、チームでのコミュニケーションも取りやすい。,>1000,複数部署と施策の連携をする必要があり、その際施策のリード状況をタイムリーに共有しながら、次なる打ち手や施策の課題についてスムーズに議論できた点が良かった。,4.0,4.0,5.0,4.0,4.0
170,CRMならやっぱりセールスフォース,using,IT related Service,2020-11-03,4,シンプルな利用方法で非常にわかりやすい！初めて使う場合も直感的に操作方法がわかるので問題にならない。ただ、少し込み入った操作が必要な場合は利用方法も複雑な面があり、その際に受けられるサポートが少ない印象。,>11-30,お客さんの情報はセールスフォースで一元管理できた。もちろん導入時のトレーニングや情報の整備は継続して行う必要があるが、それが出来れば非常にシステマチックに情報管理が可能であった。,4.0,4.0,4.0,4.0,4.0
171,CRM管理が容易になりました,using,Food and Leisure Service,2020-10-31,4,大手ソリューションなので、さすがの機能性です。ただ個別開発をおこなったりすることに対して必要以上にコストがかってしまい結局標準機能のみの運用にあわせてしまうことになり、かゆいところにも一歩手がとどけばなぁという印象です。,>101-200,管理者目線で案件の進捗管理をリアルタイム性をもって俯瞰できるということ。またデバイス依存も少ないので外からでもスマホで楽々確認できる,4.0,4.0,3.0,4.0,5.0
172,Salesforceがなくては営業MTGが成り立たない,using,Mass Media/Advertising/Design/Game/Entertainment,2020-10-30,4,社内の営業進捗状況を瞬時にクラウド上で確認できる点がよい。また、その人・チーム・部門ごとといった細かい設定をしたダッシュボードを直観的に作れる点が素晴らしい。サポートに関して電話で問い合わせができないので☆４です。,>11-30,"営業のテレアポ進捗管理やコール数・メアド獲得数などのKPI管理が容易になった。マネージャー層もそのダッシュボードを見ながら、戦略を立てられている。
テレアポにおいても社内で必要な項目だけを表示し、それをレポート機能で見ることができるのがよい。",4.0,5.0,5.0,5.0,5.0
173,汎用的な受注管理に利用,currently not using,Mass Media/Advertising/Design/Game/Entertainment,2020-10-29,4,"当初は特定部署向けにカスタマイズ前提で導入を検討していたが、最終的にはカスタマイズせずに運用することになった。
結果的にカスタマイズしないことで汎用ツールとして各営業部署でも使えるようになった。",301-500,部署を超えた情報共有・見える化が捗り、項目を汎用的に揃えることで横串での観点により横断的な分析ができるようになった。,4.0,4.0,1.0,3.0,3.0
174,売上管理と案件管理が一目で分かります！,using,IT related Service,2020-10-28,4,"案件に紐づいたCLやAGの管理、売上の管理、検索機能が役に立っています。
SFを見れば一発という状況が作り出せるところが魅力的です。
CLから過去の案件や全社での取引状況が把握できるとこも役に立っています。",>101-200,基本的なSFAの機能が充実しており、大手ゆえの大きいサーバーを完備しているので、接続面なので苦労したことはありません。他の項目でも記入しましたが案件に紐づいたCLやAGの管理、売上の管理、検索機能が役に立っています。SFを見れば一発という状況が作り出せるところが魅力的です。,4.0,4.0,4.0,4.0,4.0
175,標準的なCRMの仕組み,using,IT related Service,2020-10-27,4,"業界標準のCRM、ある程度、必要なオブジェクトが用意されているため始めやすいです。
また、複雑な事も対応できるため、会社独自の処理なども追加変更が可能です。
色々な会社からの意見を反映しているので、ノウハウも豊富です。",2-10,まだ、本格的には使っていませんが、標準的なオブジェクトが利用できる事により、できる選択肢が広がりました。,4.0,4.0,5.0,4.0,5.0
176,営業で必要なことが全て細かくわかるようになった,using,Consulting Service,2020-10-27,4,今までは競合他社のサービスを利用していましたが、そちらはサーバーが重く更新作業が進まずむしろ業務効率が悪くなってしまいましたが、こちらはそのようなことはなく、随時必要な情報を確認することが出来た,>51-100,営業プロセスの中でいつまでにどれだけの行動量でどれだけの案件があれば良いのかが重要な指標になりますが、それが一目でわかるため、日々追うべき指標が明確になった,4.0,4.0,4.0,4.0,4.0
177,タスク管理・月次目標設定・勤怠管理がスムーズにできる！！,using,IT related Service,2020-10-27,4,勤怠管理や、月次目標などの設定は簡単に行える。また、タスク管理・スケジュール管理も同ウィンドウ内で可能なので、非常に便利だと思います。交通費の精算や定期申請も幅広い区間登録されているので、入力なども時間をかけずに可能です。,>1,社員1人1人の月次目標設定やタスクスケジュール管理を冗長が一元管理できるので、社員管理が非常に楽だと感じます。週間・月間スケジュール共に一元管理可能なので、部署の責任者の視点から考えても非常に有用なサービスだと考えます。,5.0,4.0,4.0,5.0,5.0
178,最高に使いやすい,using,IT related Service,2020-10-26,5,全社標準のCRMとして基幹システムとして運用されており、リード管理・キャンペーン管理・商談管理・見積もり作成・お客様管理等全く回らない程重要なシステムになっている。,>1000,全社規模で導入するにあたり、社員教育は必須。実際問題として、しっかりりとした教育無しに導入すると、導入したは良いが使いこなせないシステムになってしまう。,5.0,5.0,5.0,5.0,5.0
179,顧客情報の一元管理ができ情報共有がスムーズにできる,using,Retail/distribution/trading companies,2020-10-22,5,顧客管理のソフトは他にもいろいろ使ってきたが、セールスフォースは顧客管理だけでなくタスク管理や権利者権限など機能の豊富さが他と比べて圧倒的に多く社内での情報共有や一人一人の従業員の受け持っている顧客に対する対応の質が非常に上がった。,>1000,"①顧客情報の共有ができる事により、他従業員との連携がスムーズになった。
②細分化したタスク管理が可能なため顧客一人一人に対してのサービス力が均等化し相乗的向上した。",5.0,5.0,3.0,5.0,5.0
180,これまで使ってきたCRM/SFAツールでは一番使いやすい,using,Real Estate/Construction/Equipment,2020-10-21,4,"豊富な機能で、組織として必要な機能全てをブラウザー上で完結させる。
顧客情報、商談情報、マーケティング情報、その他諸々のワークフローなども一つのツールで対応できるので便利。
レポート機能は、とくに便利です。
様々な軸で売り上げデータを抽出する為のレポートを自分で作成できるだけではなく、そのルールを保存して繰り返し利用する事が可能です。",>1,"顧客情報の一元管理。
必要な情報に、いつでもどこからでもアクセスできる。
情報を探し回るのに時間をかける事がなくなった。",4.0,4.0,4.0,5.0,4.0
182,グループでバラバラだった顧客データを一元管理,using,Manufacturer/manufacturing system,2020-10-20,4,ミニマムなプランではありましたが、大容量データのユーザーデータおよび補足データの情報について十分に管理ができてました。また、レポート業務も簡易に作成でき、工数削減につながりました。,>1,グループ間で各々管理していたユーザーデータの一元管理を行うために導入しました。顧客に対するLTV最大化のためのキープロセスが明確になり、分析環境としても活用できました。各キャンペーンの結果も都度蓄積することで、施策精度を上げることできています。,4.0,5.0,5.0,3.0,3.0
183,顧客から営業の進捗までを一括管理,using,Manufacturer/manufacturing system,2020-10-18,5,顧客の情報を管理できるのはもちろんのこと、過去の顧客とのやり取りや、現在の顧客との進捗状況を細かく把握・管理ができます。顧客の情報と営業の活動管理を紐づけることができるので、営業社員のマネージメントであったり、営業活動やタスク管理の標準化を推進しやすく、均質な顧客対応ができるようになりました。,2-10,以前は顧客管理はエクセルで管理をしていました。その瞬間の案件に関する情報は得ることができますが、お客さんのリードソースだったり、営業とのやり取りだったりが不鮮明でした。また、ベテラン営業社員に属人的にな組織になっていたので世代交代の際ベテラン営業社員の持っている情報を会社の資産とすることが難しかったです。セールスフォースを導入するようになってから、顧客の情報や営業のやりとりはセールスフォースに保存されるようになったので、例えばお客様から連絡があった際に、担当営業マンが不在であったとしても過去のやり取りの履歴からある程度の対応ができるようになりました。セールスフォースによって顧客の情報が共有されるようになり、顧客との商談期間も短くなったことが導入後の効果です。,4.0,5.0,5.0,5.0,4.0
184,評価面談時に自分の実績やコメントを記入している,using,IT related Service,2020-10-18,3,会社における半期・通期の評価面談における評価シートという位置づけで本ツールを使っている。過去のアーカイブからのコピーアンドペーストも容易で助かっている。また点数やコメントも入れやすく便利である。,>1000,複数の項目に渡って評価の点数やコメントを入れることでき便利であり、またそれらへの採点やコメント、フィードバックも記入され、見やすく管理に非常に向いている。,4.0,4.0,3.0,3.0,5.0
185,わかりやすいサービスでした！,currently not using,IT related Service,2020-09-10,4,自分の能力もそうでしたが、とても働きやすい環境ではありました。またいろんなサービスを利用できたのはすごいいいことだと思いました。サービス向上に努めたいと思いました。,>1,タスクの管理が難しく感じました。スケジュールが立てづらいのもありましたが、そこは仕方なかったと思います。,5.0,5.0,5.0,5.0,4.0
186,営業組織のお供には、高いがやっぱりセールスフォース,using,IT related Service,2020-10-13,5,正直SFA単体で言うと安くはない金額だと思うが、それでも導入数が圧倒的に多いのには理由があると思いますが、その1つがノウハウ・ナレッジが開示されており、どの様に使うことによって営業組織の生産性が上がっていくのかが明確にロジックでわかるところかと思っています。また、彼ら自身のセールスフォースを最も使っている組織でその実績が出てきるため、提案やインプリ・サクセスにおいて説得力が段違いです。,2-10,チーム セリングを行っていくためには、どうしても時間軸と空間軸を跨いで情報を貯めていき・活用できるツールを入れていく必要がありましたが、結局いろんな方にヒアリングをしても、サービスベンダーから話を聞いてもセールスフォース以外の選択は考えられませんでした。高度なカスタマイズ性により業態を選ばずデータを利活用できる点と、一方でカスタマイズをしないスタンダードな使い方でも十二分に効果を発揮できる点は、スタートアップで事業と組織が急拡大する会社において非常に重宝しています。導入したばかりなので明確な効果は出ていませんが、必ず効果は出ると思います。,4.0,5.0,5.0,5.0,5.0
187,会社からの業務受注がしやすい！,using,Food and Leisure Service,2020-10-11,5,社員との個別のやり取りを要する業務依頼について、これを介して会社の持っている情報にアクセスができ、個別に依頼したい業務についても過去の案件を踏まえて確認ができ、また自分の業務を他の社員も確認することができる。出社無しでのやり取りが主となる上では必須のアプリ。,>101-200,会社の管理する情報へのアクセスを個別の社用携帯から可能な点。シフト管理もできる為、シフトの希望を出すのも確認するのも容易い。,3.0,5.0,5.0,5.0,4.0
188,要望がなかなか実現されない,using,Mass Media/Advertising/Design/Game/Entertainment,2020-10-10,3,クラウドでの顧客管理システム(CRM)の最大手。新機能はどんどん追加されるが、既存機能で使い勝手が悪い部分は改善されないまま、対して難しくなさそうに思える改修のについて、ユーザーからの声が上がっていても、放置されたままのことも多い。たとえば、複数選択リストの扱いづらさや複数選択リストを扱える関数の少なさ、レポート上での一括レコード編集、コミュニティユーザーはレポートのクロス条件が反映されない等,>11-30,Web上にSalesforce上のデータを表示させることで、これまでその都度エクスポートしてWebに掲載するというような作業がなくなった。,3.0,4.0,4.0,4.0,5.0
189,営業初心者の自分も安心してスタートダッシュを切れました。,currently not using,Consulting Service,2020-10-10,5,今年の5月から、5ヶ月間という短期間のみセールスを命じられた自分。営業のイロハも分からない中、Salesforce上のUIやUXによってセールスフローも感覚的に理解ができ、管理の手間で工数をかけることもなく営業に集中できました。,>1000,営業初心者で手のかかるのは、「顧客情報管理」が大きいかと思います。その管理に手間をかけるのではなく、本来割くべき顧客との時間に注力できたことは本当に大きかった。,5.0,5.0,5.0,5.0,5.0
190,顧客管理、商談進捗管理、請求処理の確認には使えるが....,using,IT related Service,2020-10-08,4,商談の進捗共有や管理をメインに使っている。ほかにも請求タイミングの確認などにも活用している。しかし、セミナーなどを行った際のリード取り込みや、他のクラウドサービスとの連携インターフェースが解かりづらく、使いずらい印象がある。拡張性が低いので、4点。,>101-200,このサービスを他部署から推薦されて使いだした際には、商談をエクセルで管理しており編集などに誤謬が多かったが、これを導入して以降は上長との案件進捗共有は容易となった。,4.0,4.0,3.0,3.0,5.0
191,案件管理の履歴確認が簡単。,using,IT related Service,2020-10-08,4,他社ツール（Office365、コールセンター管理ツール）と連携しても支障なく使え、案件履歴の遡りや、レポート作成、document共有なども問題なく行えて満足しています。ただ過去一度、SFDCアカウント同時のデータ移行を行った際に2バイトの文字がすべて文字化けしデータがほぼ消失したのが残念です。,>1,支社が複数あり、案件処理にローカルルールもある環境ですが、ほぼ統一したルールで顧客データ管理が行えていると思います。,5.0,5.0,5.0,5.0,4.0
192,契約締結スピードが短縮,using,Mass Media/Advertising/Design/Game/Entertainment,2020-10-07,4,フリーランスとして活動していく中で、クライアントの方との契約する際のスピードが今までかかっていた時間に比べて断トツに上がりました。スマホで即日確認でき締結いただけるようになりました。,2-10,クライアントとの契約のスピードがスムーズで速くできるようになりました。スマホでも対応ができるので、皆さんからのレスポンスがとても速くなりました。,4.0,4.0,4.0,4.0,4.0
193,Salesforceを活用したタスク管理と企業情報の蓄積,using,Food and Leisure Service,2020-10-07,4,使い始めは慣れるまで大変でしたが、慣れてくるとダッシュボードで自分が欲しい情報をカスタマイズして可視化することができ、一目でチームメンバーの健康状態が分かるようになりました。特にKPI管理はしやすく、訪問数や進捗の状況をExcelで管理していたものから、Salesforceに置き換えることで、俗人化が防げるメリットもあります。,2-10,"メンバー個々人でExcel管理で顧客リストや、売上げ予測などを立てていましたが、一元化することができ、管理職からはアドバイスがしやすくなりました。
リアルタイムの進捗状況も把握することが出来るため、必要なことを必要なタイミングで行うことで機会損失も防ぐことが出来ていると思います。",4.0,5.0,4.0,4.0,5.0
194,営業利益が一目でわかる。,using,Food and Leisure Service,2020-10-07,4,"商談名やスタッフ一人一人の時給などを入れることで、支店全体の営業利益や営業担当の営業利益すぐに確認することができます。
また、本社では各支店の営業利益を把握しやすいシステムです。",>51-100,Excel等に自分で計算して数字を今まで出していたため、実際の数字と誤差が生じてしまうことが多々ありました。こちらのサービスを導入して誤差がなくなり、きちんと数字の管理ができています。,4.0,4.0,4.0,4.0,4.0
195,営業のサポート体制の充実が素晴らしいです！,using,IT related Service,2020-10-06,5,ソフトウェアの機能の充実度は当然のことながら、機能を使いこなすための営業マンのサポート体制が素晴らしいです。システムの設定ならサポート窓口に確認すればわかるが、設計するためのノウハウを世界No.1SaaS企業から得られるのは金額以上の価値があります。,>11-30,営業プロセスの見える化ができていなかったですが、Salesforceを導入し、仕組化し、運用オペレーションを整備することで実態が見えるようになりました。,5.0,5.0,5.0,3.0,5.0
196,ダッシュボード設定とメンバー記入が関門,currently not using,IT related Service,2020-10-05,3,"多機能でできることは多々ありそう。
ただベースとして関わるメンバーがSalesforce上に情報を残す、日常的に使うことがまずは最初の関門であり実は一番重要なこと。
その上でセールス観点だとダッシュボードをで俯瞰データの可視化が必要だが、慣れるまではダッシュボード設定もひとハードル。",>11-30,地道なメンバーへの必要性の説明 / もくもく会と称して、個人で入力させるではなくチームで意識的に記入する時間をもうけた,3.0,3.0,4.0,4.0,4.0
197,現場の情報がすぐにわかる,using,Consulting Service,2020-10-04,4,"時間をかけて収集しているセールス情報がノータイムで収集できる。
デザイン的にも直感的にわかりやすく、そのまま営業資料として使用できる点もとてもよいと感じています。",2-10,"これまで営業情報を、中間業者に依頼してエクセルで収集していました。
今は現地販社が入力したデータが即時送付されるので簡単になりました。",4.0,4.0,5.0,4.0,4.0
198,現地の営業情報がそのまま収集できる,using,Consulting Service,2020-10-04,5,"現場の営業情報がすぐに収集できるようになり、たいへん便利なツールで重宝しています。
それにより、中間業者も不要になり、結果的に費用も削減することができるようになりました。",2-10,"エクセルやPPTで作成して毎月の手間となっていた営業資料が、
今ではすぐに正確にデータ収集して作成することができるようになりました。",3.0,5.0,3.0,4.0,3.0
199,顧客管理最強ツール,using,Retail/distribution/trading companies,2020-10-04,5,"顧客のデータが一つのツールで全て管理ができる。ルート営業職は、担当者も定期的に変わるため、一つのツールで管理できる方がとても効率的だと考えます。
また、どんなイベントに参加したかも分かる。",>1,顧客にアプローチする際に、色々な情報があった方が、地雷を踏まない。また、拡張性が高く、デイリーの売り上げや、値引き申請などいろいろなタブを付け足すことごできる。,5.0,5.0,5.0,5.0,5.0
200,本社、支店で新規開拓ターゲットへのアプローチの共有がしやすい,currently not using,Real Estate/Construction/Equipment,2020-10-03,5,"有料で使っているか、無料で使っているかどうか、私の立場ではわかりませんでしたが、１ユーザーとしては非常に使いやすかったです。
いつ何を入力したかという記録もしっかり残るので、打ち込むデータの重複も防げてよかったと思います。",2-10,"私は飛び込み営業マンで、本社のコールセンターに見つけたターゲットにテレアポを取ってもらうために、セールスフォースを使っていました。
フォーマットも用意されていたので、私はそこにターゲットの情報を入力するだけで、本社のコールセンターに共有されます。新規契約の取得にも多いに繋がりました。",5.0,5.0,5.0,4.0,5.0
201,営業活動に必須のツール,currently not using,IT related Service,2020-10-03,4,"カスタマイズの自由度が高く、顧客管理から新規開拓の情報管理、マーケティングツールとしても使用できる。
Salesforceがないと営業活動が成り立たない。

ただし、Salesforceを専任で管理する人がいないと運用は難しい。
データの整理、抽出などは高度なスキルが必要なので、他社ではSalesforceを導入しているものの全く機能していないという話も聞く。",>31-50,多数のセールスから同一のお客様に無作為に連絡することが減り、情報管理が容易になった。また、過去の営業記録を残せるようになり、情報の蓄積や引き継ぎも出来るようになった。,4.0,5.0,5.0,5.0,5.0
202,情報管理ができるのは便利。ただ使いこなすには時間かかる。,using,IT related Service,2020-10-01,4,"色々と連携をしたり、見れることも多いので使う前と比べてリード情報・アポイント情報などをきちんと保存できるようになったのはとてもいいと思っています。
ただ、構築を自社で行ったためかなりなかなか大変だったのと、構築に関しては誰でもすぐに使いこなせるものではないと思うので4点です。",>11-30,"獲得したリード、経路、そこからの案件化率、アポイントの内容などが一元で管理できるようになりました。
以前はスプレッドシートで管理をしていたため計算が大変だったのと、アポイントの内容に関しても個別での管理になっていたのでこの段階で整理できてよかったです。",3.0,4.0,4.0,5.0,5.0
203,状況に応じてカスタマイズが可能,using,Mass Media/Advertising/Design/Game/Entertainment,2020-10-01,3,色々な用途に合わせて管理することが可能なのでプロジェクトなどの管理がすごくしやすい。顧客の管理をビジネスに合わせてカスタマイズすることも可能なので使いやすいので、特定に活用することが可能。,2-10,クライアントの情報収集を集約することに活用できるので、情報の共有が簡単にすることができる。場所に関わらずどこからでも入力することが可能なので、移動中でも可能なため無駄な時間を使わずに済む。,3.0,3.0,3.0,3.0,3.0
204,理解するまでが大変,using,IT related Service,2020-09-25,3,基幹システムからの移行でSalesforceを導入しましたが、基幹システムをSFAツールに置き換える事を念頭に構築してしまったので、SFAツールとして建て直すのがかなり大変でした。,>11-30,自社の商材の特性は理解しつつも自身の営業がプロセス管理されておらず、なんとなく見積を出し、なんとなく closingしていたという状況からプロセス管理を意識させ、重要性を認識させ、これやったら次これという流れがなんとなく出来たかなぁというところです。,2.0,3.0,5.0,5.0,5.0
205,タスク管理が明確に！,using,IT related Service,2020-09-24,5,"Case作成し、そのCaseからTaskを作成できるので、
タスク管理と自分がどの段階にいるのかが明確になるので、大変満足しております。
タスクを分解したり、チームメイトに自分がどのタスクをこなしているのか、一目瞭然は素敵なサービスです。",>1,"社内でのやり取りのエビデンス残しがとてもやりやすくなりました。
CASEを作り１つの話題で、どんどん話が進められるので、ログを追いやすくなったり、探しやすくなりました。",3.0,4.0,3.0,3.0,4.0
206,顧客の接点情報の管理に便利なツール,using,IT related Service,2020-09-22,4,インターフェースはいたってシンプル。テキストベースの情報管理ツール。レポート機能で時系列にデータを並び替えたり、グラフを入れたりして表現できるところは、視覚的に分かり易い。また、クラウドベースでありながら、安定性は良いと感じます。,>1000,営業の仕事をしていて、顧客を以前の担当者から引き継いだ際、過去の接点を確認したいことがあります。このセールスフォースでは、顧客ごとの接点情報を時系列に管理・確認できるため、新規の商品の提案を行う際、非常に役に立ってます。,4.0,4.0,4.0,4.0,5.0
208,営業に必要な機能を網羅したツール,currently not using,IT related Service,2020-09-19,4,中途が多い会社だったが、Salesforceを利用している会社が多いため「前職で使っていた」など、引継ぎの際に苦労することが少なかった。また機能が多く、「こんなことできないかな」と調べるとたいていのことができる。,>1,中途入社の引継ぎがスムーズに行われた（前職でも使っていたという人が多かった）。また、Salesforceへの入力さえすれば様々な切り口で資料の出力ができた,4.0,3.0,4.0,3.0,5.0
209,全国支店と本社間の販売管理に便利,using,Manufacturer/manufacturing system,2020-09-17,4,"迅速な機能改善の繰り返しでユーザー部門でも使いやすいシステムに熟成されてきている。
ベンダーの適切な支援を受けて、情報システム部門にとっても最適なアウトソースができている。
利用ユーザーの意見を取り入れて、今後も長く使えるシステムPlatformとして
サービス提供して頂きたい。",2-10,"四半期ごとの在庫棚卸し、また、期末の在庫調整もデータエクスポート、インポート機能により
工数を削減できている。
倉庫業者とも連携した運用が実現できている。",4.0,5.0,4.0,4.0,5.0
210,営業活動の可視化、データ化を実現,using,Food and Leisure Service,2020-09-15,4,営業活動のデータをすべてsalescloudに統一させることで全社の営業活動データを一元管理できるようになった。Pardot他、各ツールとの連携もでき導入前より効率的な営業活動が行えるようになった。,>101-200,導入前はエクセルで管理していた活動管理をすべてsalescloudに一元管理することで、全社での動きが見えやすくなった。,4.0,5.0,4.0,4.0,4.0
211,導入責任者とSFコンサルタントの両輪で現場データ入力徹底が鍵,using,Mass Media/Advertising/Design/Game/Entertainment,2020-09-15,4,"導入してから3ヶ月は、全く現場導入が進まなかった。
これは、現場がデータ入力するメリットや経営陣の意思決定上、重要であることの伝達がうまくできていなかった。

しかし、導入3ヶ月後にSFコンサルタントを短期間業務委託で入れたことによって
データ入力設計の見直し・ダッシュボードの設計・作成の精度が高まりました。
結果、データを入力徹底してもらうと、このようにデータを可視化できるとイメージを共有できた",>11-30,"セールスパイプライン（ランク別のヨミ管理）を可視化することで、全体の目標達成進捗度合いと誰をサポートするべきか一目瞭然。
また、経営視点では、MRR、CharnrateなどのSaaS重要指標を一元可視化できるので、大きな意思決定を高速で回していける。",5.0,5.0,4.0,4.0,5.0
212,リード案件を管理しやすい,using,IT related Service,2020-09-14,4,操作性及び進行中のタスク管理がしやすいです。またセールス面のアウトバウンドの局面ではリード案件の管理なども会社単位で使いやすいようにカスタマイズすることが可能であるため、非常に使いやすいです。,2-10,"課題：案件管理の質（漏れ等）
効果・メリット：
セールスジニ基本的に利用しますが、アウトバウンドなどのリード案件の管理などを項目別やランク等でカスタマイズすることが可能であるため、非常に使いやすいです。",4.0,4.0,5.0,4.0,5.0
213,営業活動での案件管理・進捗管理が見える化した,using,IT related Service,2020-09-12,5,今までスプレットシートで案件管理をしており、案件の進捗管理が属人化していたが、salesforceを利用することで解像度が上がり、進捗状況がチームメンバー全員で見える化できるようになった。,>11-30,月間の営業活動数、アポ数、商談化数、契約数のどこに課題があるかわからなかったが、salesforceを利用することで見える化し、課題となっているKPIにピンポイントで改善実行案をぶつけることができた。,3.0,5.0,4.0,4.0,5.0
214,顧客管理について一つの顧客の情報が一眼で見れること,using,Retail/distribution/trading companies,2020-09-12,4,顧客管理についてまとめられているため、ひとめで多くの情報がわかりお客様へ大してなにを提案すればいいのか、お客様の環境はどうなっているのかなどについてわかりやすいため、４評価とさせていただきました。,>1000,複数のサイトをりようしてそれぞれ確認しないといけない状況がSalesforceの導入でひとつのサイトにて確認することが出きるため、作業効率があがりました。,4.0,3.0,5.0,4.0,3.0
215,営業管理ツールとして十分な機能があります！,using,Manufacturer/manufacturing system,2020-09-10,5,営業管理ツールとして充実した機能があり、これまで営業管理をアナログで行っていた企業や営業日報をアナログ管理していた企業は導入すべきだと思う。顧客情報ごとに営業内容をさかのぼったり、営業担当ごとにさかのぼることもできのはとても便利。,>201-300,営業日報をアナログで管理していたため、外出先から急遽以前の営業内容を振り返ることができなかったが、セールスフォースを導入してからはいつでも確認ができ、商談の流れに無駄がなくなった。,5.0,5.0,5.0,5.0,4.0
216,設定の進め方とリソースの確保が必須,using,IT related Service,2020-09-10,3,"設定は非常に柔軟。
その分、どこまでやるかをしっかりと見極めて設定していかないと泥沼になります。
また、類似サービスより設定が複雑なのでSalesforceの設定経験者がいない場合はそれなりにリソースがかかることを覚悟した方がいいと思います。",2-10,"マネージメント層視点での営業進捗の見える化が課題だったので導入しました。
課題は解決できていますが、メンバーへの定着や最適化でまだまだ時間がかかりそうです。",1.0,3.0,4.0,3.0,2.0
217,新規開拓リストが作りやすい,using,Mass Media/Advertising/Design/Game/Entertainment,2020-09-10,4,営業としては、新規開拓リストの作成や企業へのアクション管理が容易にできてよかったです。企業情報や接触履歴をより詳しく表示できたらもっと管理がしやすくなると思います。,>1000,以前は企業探しに手間をかけていましたが、自分が営業したい企業ステータス、例えば業種、売上、従業員人数などの企業リストを作成し、保存できるのでテレアポリストが簡単に作成できるようになりました。,4.0,4.0,4.0,4.0,4.0
218,提案ステータスの可視化による営業の全体管理と効率化を実現,using,IT related Service,2020-09-10,4,"営業先の担当者情報や、提案内容の記録と共有を実現できます。
また、営業中の案件のフェーズをカンバンで一覧化し可視化することで、売り上げの見込みや受注数などの数値管理ができる点が便利です。",>11-30,"社内の営業チームにおいて、月ごとに提案中の企業がどれくらいあり、またその提案がどのフェーズまで進んでいるのかを全体把握できるようになった。
表計算ソフトを使った情報管理から抜け出すことができた。",2.0,4.0,4.0,4.0,5.0
219,非常に使いやすかったです,currently not using,Consulting Service,2020-09-10,4,顧客の管理には最適なツールだったと思います。導入後営業メンバーだけではなかなか活用が出来ず、運用担当者を設置してからは部署内での活用がどんどん出来るようになりました。今は会社の都合で解約してしまいましたが、出来ることならもう一度使用したいです。,>101-200,顧客リストを個別で管理していたため毎日のようにトラブル発生していたのですが、導入後は解決されました。,3.0,4.0,5.0,4.0,4.0
220,営業活動の分析に不可欠な、世界NO.1のSFA,using,IT related Service,2020-09-10,5,世界中のSFAの基準となっているツールで、導入社数もNo.1であることから、このツールを使いこなせることがビジネススキルの基礎の一つとなっていると感じます。一定以上の分析にはユーザーの知識に依存する点もございますが、基礎的な分析は簡単に習得することが可能です。,>51-100,"営業の活動における結果・要因の分析を、社内で可視化することが可能です。
営業活動の属人化リスクに対し、顧客とのつながりの蓄積・結果につながる要因の分析・共有を容易に図ることができます。",4.0,5.0,5.0,4.0,4.0
221,カスタマイズが柔軟,using,IT related Service,2020-09-10,5,画面カスタマイズも簡単で、データ集計もしやすい。レポートやグラフをどう表現するか、どう言う数字を集計してそれをどう活かすかと言うことを決めたら、salesforceでほとんど実現可能。,301-500,案件の共有、営業活動状況の見える化、データの集計、データを見える化することによる意思決定に役立つなど、便利な点が非常に多い。,5.0,5.0,5.0,5.0,5.0
222,売上を管理する際に便利なツールです,currently not using,IT related Service,2020-09-10,3,営業をしているときに利用していました。このツールを利用する前は、Excelで数値管理をしており、日々数値のヨミを計測していました。しかしながら、Excelだと数値のヨミが属人的になり、人によって数値のヨミが甘いなど見極めが難しかったですが、このツールを導入してから数値予測を自動で行い、かつ、ある程度精度が担保されていました。,2-10,効果・メリットしては、営業各人があとどれだけ案件を獲得し、金額をプラスすれば、目標に達するかがひと目で分かるようになりました。それが最大のメリットでした。,3.0,5.0,3.0,5.0,3.0
223,顧客情報の管理や営業活動に欠かせないツール,using,IT related Service,2020-09-10,4,過去から現在までの取引先とのやり取りが可視化されているため、相手にどんなニーズや課題があるかを仮説立てて営業を行いやすい。また、自身やチームのKPI進捗をグラフ化して管理できるので進捗に対する改善をチーム全体で行いやすい。ただ、取引先や商談、リードなど箱の中で情報が区切られているため、レポートを作成する際に取り出したい情報が容易に出せない場合がある。,>31-50,レポートやダッシュボード作成によって新規営業や問い合わせへのアプローチ漏れを防ぐことで見込み顧客の取りこぼしや機会損失を防ぐことができた。,3.0,5.0,5.0,4.0,4.0
224,営業進捗管理・カスタマーサクセスの有用ツール,using,Medical,2020-09-10,4,営業の案件進捗管理ツールとしてはもちろんのこと、カスタマーサクセスの管理ツールとしても利用ができます。各会社の事業によって、進捗管理をおこないたい項目が異なりますが、それぞれ事情に合わせて設定が可能です。オペレーションの自動化も、「プロセスビルダー」という仕組みを使えば簡単にできるので、エンジニアがおらずとも簡単に機能実装ができることも特徴の1つです。,>11-30,リード管理、商談から成約までの案件管理を含めて、細かく設定ができます。個人の担当先として紐付けをしておくと、レポート形式で出力することもでき、後々の振り返りや数字管理などに活用できます。,4.0,4.0,4.0,4.0,4.0
225,商談管理が楽になる,currently not using,IT related Service,2020-09-10,5,"商談管理、リード管理、名刺管理、セミナー情報、取引先などが一元管理でき、エクセルから脱着できた。
特に、他の営業部門のクロスセルに効果があった。
使いやすく今後の新機追加などが楽しみである。",>11-30,"複数部署横断の商談が可視化され、クロスセル、アップセルが行いやすくなり、売り上げ向上に繋がった。
会社の文化情勢の観点でも、商談ログを残すなど変化があった。",5.0,5.0,5.0,5.0,5.0
226,リード管理やセールスの進捗を可視化することができた,using,Consulting Service,2020-09-10,5,"使いこなすには時間がかかるが、リード管理やセールスの進捗を可視化することができました。
私はマーケティングの部署ですが、どのリードソースから入ったきたリードが案件化率が高いのか、
セールスの受注率が高いのかを細かく可視化することができました。",2-10,"今まではスプレッドシートをつかってリードや案件の管理を進めていました。
しかしsalescloundを使うことで細かい分析を進めることができました。",5.0,5.0,5.0,5.0,5.0
227,ユーザーインターフェースの自由度,using,Manufacturer/manufacturing system,2020-09-10,4,"大変自由度の高いサービスであり、書籍等からも様々な方法や表現ができる等確認して感心しております。
ただ、サービス利用料がしっかりかかるシステムであり、全くの素人が取り付きにくいところから
1点引かせていただきました。",>31-50,"コールセンターの利用に大変マッチしております。
お客様の対応精度が増したのと同時に、見た目からわかりやすく、従業員も
ストレスなく利用させていただいています。",4.0,3.0,4.0,4.0,4.0
228,あらゆるデータを可視化するセールスアナリティクス,using,IT related Service,2020-09-10,4,"レポート・ダッシュボード作成は細かな部分までデータ成型が可能なため、分析という観点では助かることが多い。
ただしMAツール（Pardot）との連携やカスタマイズは難しいと感じることもある。

出来ることが多い分、結構なれが必要です。",>101-200,"月次・日次の行動データの管理やセールスMTG資料作成。ダッシュボードを作ってデータ蓄積されれば、ヨミ会前のエクセル入力や印刷は不要になるためかなり楽です。マネージャー会議などもありますが、そこでも資料作成の手間が省けます。
（ダッシュボードレポートはエクセルでいうピボットのイメージです）

また、インサイドセールスなどは日々データを見ながら確率の高いチャネル・行動の洗い出しをするためPDCAを回す観点でも非常にメリットはあると思います。",3.0,4.0,4.0,4.0,4.0
229,セールスフォース顧客管理,currently not using,IT related Service,2020-09-10,3,"カスタムの性能があるのは分かるけど、ユーザーとしてはあまり活用仕切れなかった感覚があった。
saasとしての機能拡張性はデザインなどの使い勝手ありきだなと感じた。",501-1000,"導入決済者ではないので特には決めてはないし、これからも導入決定できる決済者になることはおそらくないので、
課題解決に対しては満足度は特にない",3.0,3.0,3.0,3.0,3.0
230,項目をカスタマイズしてCRM,currently not using,IT related Service,2020-09-10,3,CRMとしての機能は十分に有している。パイプライン管理や営業ログの確認などで役に立った。しかし、HubSpotでできるようなLP作成やミーティングリンクの作成などはできない。,301-500,営業ログの管理がしやすくなった。また、企業ごとのステータスをパイプライン管理できるようになり、企業アプローチの取りこぼしが少なくなった。,5.0,5.0,5.0,3.0,3.0
231,使う気力があれば仕組み化できる,using,IT related Service,2020-09-10,3,かなり仕組みに落とし込めるところはいいが、構築やチームへの浸透にはかなりリソースがかかる。ただ、恒久的に営業の仕組みを作ることができるので、やる価値は大いにあると思った。,2-10,顧客の管理ができておらず、属人的な管理なっており、人が辞めると引き継ぎがうまく行われず、売り上げの機会を損失する課題をビジュアルやテキストに残せるので引き継ぎにも役にたった。,3.0,4.0,5.0,3.0,4.0
232,CRMツールと言えば定番,using,IT related Service,2020-09-10,5,世界シェアNo.1の安心感や、簡単にカスタマイズが可能であること。拡張性も期待できるマーケティングからアフターサービスまでを一貫して対応（サポート）することが可能であることから使いやすいと感じている。,>31-50,営業管理ツールとしては非常に良く、欠かせないツールとなっている。ダッシュボード等を使い、様々な打ち手に利用出来ている。,5.0,5.0,5.0,5.0,5.0
234,リード管理から商談、契約中顧客の状況までを一元管理,using,IT related Service,2020-09-10,5,"当初はCRMとして導入し、契約中の顧客情報を蓄積していたが、その後リード管理、商談管理も始め、見込みの状態から契約中まで顧客の情報がすべて一元管理できている。
顧客の状況＝経営状況でもあるため、導入することで会社の状況がすべて把握できるようになった。",>51-100,"以前は会社メンバーも少人数だったため顧客の情報は属人的に把握していた状態だったが、顧客が増えるに従い把握が難しくなったところ、Salesforceを入れることで把握ができるようになった。
レポートにより社内共有や報告のための資料作成も簡素化され、分析もできるようになった。
CTIやMAとの連動により、少人数で最大限の効果を出すことができるようになった。",4.0,5.0,5.0,4.0,5.0
236,顧客のステータス管理,using,IT related Service,2020-09-10,5,"顧客管理やステータスの管理、電話の内容やメールのログ、商談の状況など細かな管理ができる。
ダッシュボードにして、グラフにすると進捗状況がひと目で分かるし、自分のしたい使用にカスタマイズできるのも良い。",>51-100,"スプレッドシートやエクセルでの管理はわかりやすい部分もあるが、
お客様とどんな会話をしたかやグラフでのカスタマイズまでは記入・作成がめんどくさい。
ここをセールスフォースなら簡単にできる。",4.0,5.0,5.0,5.0,4.0
237,セールス活動の全体最適ができる,using,IT related Service,2020-09-10,5,"直感的な操作で使えるほか、カスタマイズも数多くできる。
また、セキュリティー面も安全である。
新しい従業員が入った際のアカウント管理についても、特に不便なく使え、トレイルヘッドといったトレーニングプログラムも用意されている。",301-500,"元々はエクセルとスプレッドシートを用いて管理していたが、商談のフェーズ管理や顧客管理に限界を感じ、導入を決めた。

導入後、上記課題は解決された。",5.0,5.0,5.0,4.0,4.0
238,使いやすいCRMです,using,IT related Service,2020-09-10,4,顧客管理やフェーズ管理、カレンダーやチャット機能などCRMに一通り必要は機能が揃っています。チャット機能のメンションが漢字だと少しやりにくかったり、アプリのUIが使いづらいので４にしました。,>11-30,顧客に関する情報が今までバラバラ、不足だらけでしたが、Sales Cloudによって一元管理することができました。,4.0,5.0,4.0,4.0,5.0
239,カスタム性がある,using,IT related Service,2020-09-10,4,使用目的によりカスタムすることができる。私の場合、顧客が利用しており、そのアカウントを管理している立場になるが、顧客ごとにあわせてカスタムすることができ、提案もしやすい。,>31-50,各顧客のステータス管理がスムーズになった上、レポーティング業務も大幅に改善された。提案の幅が広がった。,5.0,4.0,5.0,4.0,5.0
240,案件管理,using,IT related Service,2020-09-10,4,"案件管理の効率化のために導入した。
これまではエクセルで案件管理を行い、定例で詳細を報告していたが、セールスフォース導入後はその手間がなくなった。
セールスフォースに登録するだけで案件管理ができるようになった。",>1,"エクセルで行なっていた案件管理がウェブ上で簡単にできるようになった。
会議が必要なくなり、業務が効率化した。",4.0,4.0,5.0,5.0,4.0
241,タスク管理や引継ぎがこれ一つで。ダッシュボードは使いづらい。,using,IT related Service,2020-09-10,4,タスク管理や案件引継ぎがこれ一つでできるので、楽になりました。ただ、エクセルだと簡単にできるグラフを作成したりといった作業がとっても時間がかかり、修正なども大変。レポート機能とDashboardがもっと便利になれば嬉しいです。,>1,入社時から使われているツールでしたので導入には関わっていません。当初はほとんど機能を使っていませんでした。タスク管理や顧客管理をこのツールでするようになってからは、マニュアル作業が減りました。,2.0,4.0,2.0,3.0,4.0
242,自身で業務の見える化及び判断基準となるレポートを作れる,using,IT related Service,2020-09-10,4,一番強いのがレポートおよびダッシュボード機能。他のクラウド型データベースにはないデータの処理スピードと、あらゆる角度での集計が可能。営業情報が入力できるツールは他にもあるがこのようにアウトプットできるツールは他に少ない貴重な存在。,>201-300,チームでの売上予測を精緻に行えるようになった。柔軟に設計ができるため、利用ルールを定め運用することで、全体で進捗を確認できるようになりました。,5.0,5.0,5.0,5.0,5.0
243,さすが世界No.1のSFA,using,IT related Service,2020-09-10,4,"営業メンバーをマネジメントする立場として、無くてはならない製品だと感じています。
こちらの製品を使うことで効率的に正確に現状を把握し、打ち手を考えることが出来るためです。",>11-30,"営業メンバーのマネジメントがしやすくなりました。
当月の見込み数値や案件数などがひと目でわかるので重宝しています。",3.0,5.0,5.0,5.0,5.0
244,他のサービスとの連携もスムーズ,using,IT related Service,2020-09-10,5,歴史のある顧客管理ですので事例も多いし、連携して使えるアプリケーションのマーケットもあるので開発しなくてもさまざまなSaaSと連携して使うことができます。他社に相談もしやすいです。,>201-300,"顧客情報の部署横断的な管理ができるようになりました。
また、どのようなリードソースからきたか、の管理もできるので営業分析もしやすくなりました。",3.0,5.0,5.0,5.0,5.0
245,顧客情報を蓄積し、営業、納品がデータで語られるように,using,Consulting Service,2020-09-10,4,salesforce salescloudがなければ今の営業や納品のデータによる改善は行われていないからです。一ユーザーとして非常に使いやすいです。マーケティングのデータもこれで蓄積できています。,>101-200,excelで管理されていたマーケティング情報がsalesforce上にあり、受注、マーケティング効果が飛躍的に良くなりました。,4.0,5.0,4.0,5.0,5.0
246,営業可視化の必携アイテム,using,IT related Service,2020-09-10,4,"タイトル通り、営業の商談把握をするには必須のサービスであると感じます。
マイナス面は多くの企業であると思いますが、ユーザーが増えた際のコスト面くらいだと思います。",>11-30,営業が保有している商談のすべてが可視化されることでパイプライン把握だけでなく、やり取りが分かるようになりました。,5.0,5.0,5.0,5.0,4.0
247,営業活動の可視化に欠かせないツール,using,IT related Service,2020-09-10,5,情報をちゃんと入力しておけばデータを日々ためることができ、リードタイムや業界ごとの受注率等を簡単に集計でき、意思決定のもとになるようなデータを集められ、マーケティング・営業活動の改善にも役立つ。,>101-200,営業によって属人化する営業活動結果が、入力を徹底させることにより若干見えるようにはなってくる。また、データを集約することで次の活動の基準になる。,5.0,5.0,5.0,5.0,5.0
248,利用意義がわかっていて指導できる人がいる組織ならROIは高い,using,IT related Service,2020-09-10,4,"個人的にはかなり使いやすく、分析や進捗確認等で活用し、知るほどに奥深さを感じる。まだフル活用はできていないかもしれないが、どんんどん使って行きたくなる。
一方でそれだけの機能や与えてくれるインサイトがあるからこそ「自分のために」使うことで満足できなくなってくるし、もったいないと感じてくる。他のチームや組織に展開し、共通インフラとして機能させる人がいなければ本当の意味での満足感は得られないと思う。",>101-200,"CRMやSFAのどれにも言えることだが、
・フォーマットの統一とチャート化によって進捗具合がわかりやすくなる。
・メンバーレベルでも分析や現状把握がしやすくなり、営業メンバーの能力の底上げになる。",4.0,4.0,3.0,4.0,4.0
249,顧客への応対履歴が可視化されて引き継げる,using,IT related Service,2020-09-10,4,"顧客への架電履歴やメール応対履歴を、一元管理できる。
1人の顧客に対して、様々な部署からアプローチする必要がある時、その手前の状況を把握するのに役立たっている。
ただアカウント料金がやや高く、代行入力を依頼するなど運用でカバーしている面がやや難。",>201-300,"顧客情報や顧客状況を社内で一元管理、共有できるようになった。
顧客に対するミスリードが減り。クレームにつながるケースが少なくなった。",4.0,5.0,4.0,5.0,4.0
250,顧客管理の定番,using,IT related Service,2020-09-10,5,元々は営業の顧客管理で使用していた。現在はインサイドセールスとしてリード獲得に使っている。リードは多岐に渡る為顧客の情報を覚えていられないので重宝している。また過去の他の人が対応した記録も残る。,2-10,数値管理がファクトベースでできるようになった。業務の効率化でメールの送信もできるため重宝している。その為作業時間の短縮ができた。,3.0,5.0,5.0,5.0,3.0
251,営業プロセスの管理がしやすくなった,currently not using,Consulting Service,2020-09-10,4,他ツールと比較し、入力のしやすさや管理のしやすさ、インターフェイスの見やすさなどが優れていると感じた。またシステム自体も重くなく、入力工数を削減出来るのも良い点だと感じた,>51-100,営業プロセスの管理面では各個人ごとの進捗や指標の管理がひと目でわかるため、誰がどれくらいの進捗なのかがわかるのでプロセス管理がしやすくなった,4.0,4.0,4.0,4.0,4.0
